ticker,exchange,num_quotes,quotes_per_second,avg_spread,avg_total_depth,avg_midprice
XLF,P,444796,4.118481481481481,0.010173225478759738,10466.758747830467,15.01039362988697
XLF,T,720846,6.6745,0.010219575332474798,8799.529010357275,15.01767639684922
XLF,Z,426226,3.946537037037037,0.01070307771005796,7507.847540975914,14.99671534584437
QQQQ,P,3961631,36.68176851851852,0.01139946400854668,1151.9091482775655,46.2695562930853
QQQQ,T,2713897,25.128675925925926,0.010318630367541303,1455.2153114138082,46.29506900972674
QQQQ,Z,1635915,15.147361111111111,0.011276832842814527,1055.3963347728948,46.28261882787138
JPM,P,689936,6.388296296296296,0.011997069293556163,46.60705340785232,43.77137098947879
JPM,T,1179830,10.924351851851851,0.011272674877086584,86.76933541272895,43.81024413685699
JPM,Z,579148,5.362481481481481,0.014171679778058952,38.834712370585756,43.82801204527174
AAPL,P,413263,3.826509259259259,0.04619068244680912,5.728884511799992,212.65991426766627
AAPL,T,1392233,12.891046296296297,0.0349356249995009,9.16655976406248,212.50273993292285
AAPL,Z,674081,6.2414907407407405,0.054215858331649366,4.516676779200126,212.42658349666294
