,0.1,0.2,0.3,0.4,0.5,0.6,0.7,0.8,0.9,1.0
0.1,0.5,0.43101457254708014,0.3787571278200653,0.33780114658270327,0.3048382080352975,0.2777364376066903,0.2550602019615939,0.23580733496114162,0.21925702157317065,0.20487753894885552
0.2,0.5689854274529198,0.5,0.4459337155275678,0.4024191040176487,0.3666418625640142,0.3367068013077293,0.3112909535436726,0.28944276617987796,0.27046030807133203,0.2538144533756493
0.3,0.6212428721799347,0.5540662844724322,0.5,0.4555472875213381,0.4183534006538646,0.38677457212620353,0.35962851078658525,0.33604307719380855,0.315360840031737,0.2970768343201053
0.4,0.6621988534172968,0.5975808959823511,0.544452712478662,0.5,0.4622581907087345,0.4298142553932926,0.4016258463162851,0.37690722668782456,0.35505488165721805,0.33559758876932894
0.5,0.6951617919647026,0.633358137435986,0.5816465993461355,0.5377418092912655,0.5,0.4672086154387617,0.4384536133439124,0.41303292899433086,0.390398392512886,0.37011575183421985
0.6,0.7222635623933098,0.6632931986922708,0.6132254278737964,0.5701857446067072,0.5327913845612382,0.5,0.47101097633144356,0.44519919625644294,0.42206945110053185,0.4012243612954689
0.7,0.7449397980384062,0.6887090464563275,0.6403714892134147,0.5983741536837147,0.5615463866560877,0.5289890236685564,0.5,0.47402315036684395,0.45061218064773445,0.42940481329950525
0.8,0.7641926650388584,0.710557233820122,0.6639569228061913,0.6230927733121753,0.5869670710056692,0.554800803743557,0.525976849633156,0.5,0.4764682710998351,0.45505195272576826
0.9,0.7807429784268293,0.7295396919286679,0.6846391599682631,0.644945118342782,0.609601607487114,0.577930548899468,0.5493878193522654,0.5235317289001649,0.5,0.4784926880377069
1.0,0.7951224610511444,0.7461855466243509,0.7029231656798948,0.664402411230671,0.6298842481657801,0.598775638704531,0.5705951867004948,0.5449480472742319,0.5215073119622932,0.5
