,,num_quotes_M,num_quotes_M,quotes_per_second,quotes_per_second,avg_spread,avg_spread,avg_total_depth,avg_total_depth,avg_midprice,avg_midprice
,,ours,paper,ours,paper,ours,paper,ours,paper,ours,paper
ticker,exchange,,,,,,,,,,
XLF,P,0.444796,0.4,4.118481481481481,4,0.010173225478759738,0.01,10466.758747830467,10463.0,15.01039362988697,15.01
XLF,T,0.720846,0.7,6.6745,7,0.010219575332474798,0.01,8799.529010357275,8797.0,15.01767639684922,15.02
XLF,Z,0.426226,0.4,3.946537037037037,4,0.01070307771005796,0.011,7507.847540975914,7505.0,14.99671534584437,14.99
QQQQ,P,3.961631,4.0,36.68176851851852,36,0.01139946400854668,0.011,1151.9091482775655,1152.0,46.2695562930853,46.27
QQQQ,T,2.713897,2.7,25.128675925925926,25,0.010318630367541303,0.01,1455.2153114138082,1455.0,46.29506900972674,46.3
QQQQ,Z,1.635915,1.6,15.147361111111111,15,0.011276832842814527,0.011,1055.3963347728948,1055.0,46.28261882787138,46.28
JPM,P,0.689936,0.7,6.388296296296296,6,0.011997069293556163,0.012,46.60705340785232,47.0,43.77137098947879,43.77
JPM,T,1.17983,1.2,10.924351851851851,11,0.011272674877086584,0.011,86.76933541272895,87.0,43.81024413685699,43.81
JPM,Z,0.579148,0.6,5.362481481481481,5,0.014171679778058952,0.014,38.834712370585756,39.0,43.82801204527174,43.82
AAPL,P,0.413263,0.4,3.826509259259259,4,0.04619068244680912,0.046,5.728884511799992,5.7,212.65991426766627,212.66
AAPL,T,1.392233,1.3,12.891046296296297,13,0.0349356249995009,0.034,9.16655976406248,9.1,212.50273993292285,212.5
AAPL,Z,0.674081,0.6,6.2414907407407405,6,0.054215858331649366,0.054,4.516676779200126,4.5,212.42658349666294,212.43
