case,sizes,10%,20%,30%,40%,50%,60%,70%,80%,90%
XLF,pooled,1273,2002,2843,3972,4929,5501,5865,6266,6828
XLF,bid,1431,2267,3340,4496,5232,5623,5977,6411,6964
XLF,ask,1108,1803,2502,3439,4545,5280,5770,6125,6671
QQQQ,pooled,173,296,404,520,659,792,944,1135,1394
QQQQ,bid,180,306,421,538,691,822,966,1156,1397
QQQQ,ask,167,286,392,503,627,766,911,1102,1385
JPM,pooled,11,17,23,29,35,42,50,62,83
JPM,bid,11,18,24,30,35,42,49,60,80
JPM,ask,10,17,23,29,35,42,51,63,86
AAPL,pooled,1,2,2,3,3,4,5,6,8
AAPL,bid,1,2,2,3,3,4,5,6,8
AAPL,ask,1,2,2,3,3,4,5,6,8
AAPL s=1,pooled,1,1,2,2,3,4,5,6,8
AAPL s=1,bid,1,1,2,2,3,4,5,6,8
AAPL s=1,ask,1,1,2,2,3,4,4,6,8
AAPL s=2,pooled,1,2,2,3,3,4,5,6,8
AAPL s=2,bid,1,2,2,3,3,4,5,6,8
AAPL s=2,ask,1,2,2,3,3,4,5,6,8
AAPL s=3,pooled,1,2,2,3,3,4,5,6,8
AAPL s=3,bid,1,2,2,3,3,4,5,6,8
AAPL s=3,ask,1,2,2,3,3,4,5,6,8
