asset,date,ret0_bps,cost100_bps,cost1000_bps,trips_per_rule,abs100_bps,abs1000_bps,mid,spread_bps,spread_ticks,depth,bbo_updates_per_s,quote_moves_per_s,trades_per_s,vol_1min_bps,p_quote_change_100ms,abs_mid_move_100ms_bps,p_quote_change_1000ms,abs_mid_move_1000ms_bps,vol_regime
AAPL,2019-09-03,-58.2449080295749,-4.381673478233471,-9.136233641175162,45.19230769230769,0.10108261769860334,0.2270368052127795,205.20705875431892,1.087046173805703,0.022310739758987272,207.44865790570896,18.570641025641027,4.234957264957265,2.1666239316239317,5.38529980361208,0.24528301886792453,0.15811391469906702,0.628032345013477,0.5847806080157822,high vol
AAPL,2019-09-04,-25.494976029951363,-2.4407567486667845,-2.530266561636793,43.4,0.05623899983308899,0.09331468816241341,208.54157602550828,0.7708848133687386,0.016071191037660353,336.6032547466699,21.79905982905983,2.703846153846154,1.9983760683760683,3.0010898927052048,0.16442048517520216,0.06985953535102413,0.5040431266846361,0.30527457713268474,low vol
AAPL,2019-09-05,-32.41084697764843,-6.217122085493175,-8.08394990403579,42.32,0.14779198384171907,0.23810582015567333,212.68978417391878,0.7826001947184755,0.01664560679265875,338.68020588763346,36.20247863247863,3.462008547008547,2.4355128205128205,3.9612697105057877,0.18059299191374664,0.0962055239790798,0.5094339622641509,0.33296083927733106,low vol
AAPL,2019-09-06,-20.46663225671611,-0.9570907737924844,-1.8611178840370113,42.11538461538461,0.04496620543834826,0.09985270732510107,213.30037167128216,0.5145230516968893,0.010975383827900198,286.8488260759836,42.043675213675215,6.852094017094017,3.0703418803418803,4.006499957186059,0.1725067385444744,0.07456011672025604,0.4636118598382749,0.3255783294930955,low vol
AAPL,2019-09-09,22.4232831218848,-0.8409330026310424,2.1298569178100637,39.30769230769231,0.030559227870599847,0.1289564870277736,214.96679930346698,0.5056162171348563,0.010868504652964234,209.09368051457645,50.538119658119655,7.298034188034188,4.243589743589744,4.692277343629748,0.1752021563342318,0.08020963081038865,0.5444743935309974,0.3967808264949568,low vol
AAPL,2019-09-10,-16.910178387816803,0.9142145612707161,8.154072732026748,43.76,0.05169484781099278,0.2425228207731293,213.9223581733684,0.6110643855668342,0.013073482281455375,184.04404461692468,59.367820512820515,14.37380341880342,5.133931623931624,7.236097485503503,0.41509433962264153,0.1991280902072182,0.7574123989218329,0.6639553564991767,high vol
AAPL,2019-09-11,-79.05578997236957,0.8130748676678234,3.258577627918355,45.96,0.031822383388270634,0.1433932400081191,221.77801120773574,0.8791304563670582,0.019488469012337663,402.7542073413114,35.01047008547008,7.47042735042735,4.628290598290598,5.8381398690742445,0.1967654986522911,0.07357492245600364,0.6145552560646901,0.42194986924120786,high vol
AAPL,2019-09-12,-21.682687205010318,-2.1284220251388066,-5.532287961234391,43.53846153846154,0.07968084368492427,0.27973799407030436,225.03102639302847,0.9582344506040528,0.021560747371274412,194.65887622177425,30.842564102564104,8.172777777777778,3.75482905982906,6.315016624934832,0.2803234501347709,0.1197774606501564,0.660377358490566,0.5373092518341397,high vol
AAPL,2019-09-13,20.99262560204888,0.1058169808789474,2.6838176990716236,42.96153846153846,0.04743862375366583,0.14898403274577796,218.64386959216543,0.6089544997979877,0.013318336405700525,175.37897143243993,57.66384615384615,12.128547008547008,5.807905982905983,6.61633176953548,0.29649595687331537,0.12129221820083252,0.6792452830188679,0.49952440498156375,high vol
AAPL,2019-09-16,-55.532307222656144,-0.9646200725501806,1.5044982789230374,45.0,0.04093166577596726,0.12314132787300153,219.40571903807273,0.5739355758916602,0.012589940767292815,184.8783625110108,50.28940170940171,9.037179487179488,3.4039316239316237,4.761282477500689,0.261455525606469,0.10324728492949115,0.628032345013477,0.4891511084022731,low vol
AAPL,2019-09-17,-62.22548921869204,-0.6588651245109396,-3.209263541099367,43.44444444444444,0.030620897286037212,0.12963764089357943,220.014293432984,0.6641955265934253,0.014611581057949777,252.3237429337365,26.420641025641025,5.253760683760683,2.141623931623932,3.665852766638183,0.2668463611859838,0.08823353907805699,0.5660377358490566,0.37134199900171355,low vol
AAPL,2019-09-18,-78.46273494420522,-3.331730301021239,9.681099108267924,45.592592592592595,0.0959013635254391,0.25906547449209605,221.51110492395043,0.8074758556086472,0.017871511399123824,227.37406762562725,32.48918803418803,7.818461538461539,2.8136324786324787,6.055578728183206,0.23180592991913745,0.1200576440801594,0.5983827493261455,0.5252865382240803,high vol
AAPL,2019-09-19,-20.261533392987957,0.4115221196923213,-1.981255167306001,44.84,0.030105897825905198,0.1403716578203235,221.89349379948823,0.6421140568864504,0.014249349869252605,234.7442752568419,33.762735042735045,6.294871794871795,2.512564102564103,4.482932937849753,0.16442048517520216,0.07292698244650192,0.5660377358490566,0.3954584516976832,low vol
AAPL,2019-09-20,14.996617736869192,-1.3988457987613676,-5.227845355160034,42.23076923076923,0.05327210199583007,0.19212935544938786,220.3747228568091,0.8568922639333738,0.01887863100062547,241.7603781528532,37.545042735042735,8.830897435897436,3.1176495726495728,6.831127972198956,0.261455525606469,0.11467521342165711,0.6442048517520216,0.5339599059930994,high vol
AAPL,2019-09-23,-72.86777944924086,-0.10228720572071776,0.17718025377504687,46.370370370370374,0.03655392694700984,0.06308808268427248,218.9779764954411,0.6665475530288726,0.0145998253665085,227.06529113344965,26.10405982905983,6.819529914529914,2.7744017094017095,4.486089611923083,0.215633423180593,0.08938964872130495,0.5471698113207547,0.3117108050517091,low vol
AAPL,2019-09-24,-21.454313699998316,-3.7647843930745215,-5.403907124097726,43.5,0.10928396906506521,0.26788353701402035,219.20210456817557,0.7969152866068837,0.01747056552894363,124.77189474759138,62.04816239316239,17.591623931623932,5.184786324786325,7.935555270084279,0.3746630727762803,0.1686010344974557,0.8247978436657682,0.7677341500877536,high vol
AAPL,2019-09-25,-113.76788244250153,2.3011616819825984,-2.1845392762167433,46.55555555555556,0.07909278163508668,0.18195322092102983,220.06975213393093,0.756771873292241,0.01665179173186747,170.45594147073274,42.84752136752137,11.867820512820513,3.1098717948717947,5.55251456499633,0.32345013477088946,0.1356985664130076,0.6846361185983828,0.5379193527089676,high vol
AAPL,2019-09-26,-124.44425477760453,-2.1282549289271953,-4.054418932428402,50.23076923076923,0.0674934541579293,0.15979864387619147,219.9583253385145,0.6273682067316554,0.01379758339792681,138.9154508602789,48.54576923076923,11.70405982905983,3.3361111111111112,4.909914356334262,0.31536388140161725,0.11767877729802789,0.6388140161725068,0.45850217816566685,low vol
AAPL,2019-09-27,-45.9112943362161,1.3778886041240086,9.345312258983805,42.61538461538461,0.0655039923642632,0.4705039458364615,219.11333152831412,0.7348239031200674,0.016105352824147212,146.5751340947665,56.986324786324786,15.459102564102563,4.202564102564103,6.237092099564577,0.3423180592991914,0.14770297687670988,0.7628032345013477,0.7543034800193696,high vol
AAPL,2019-09-30,-67.0055085572164,0.08698642408527975,-1.5760247305882535,44.53846153846154,0.042958846201359646,0.08732474720845874,223.36468061506707,0.8247843248003084,0.018428817997714342,223.07465817987827,32.2042735042735,8.56559829059829,3.251239316239316,4.378968722970545,0.22641509433962265,0.08218944405061729,0.6145552560646901,0.3947388877978349,low vol
GPRO,2019-09-03,-774.3939706048403,0.0,3.9586119389922736,39.666666666666664,0.0,0.2008677208877943,3.735163159337554,26.875239127293803,0.010036440030388456,8243.438159414643,1.5794871794871794,0.026025641025641026,0.1438034188034188,18.148438938691605,0.0,0.0,0.005390835579514825,0.14491519673223716,high vol
GPRO,2019-09-04,-902.0573122424753,0.0,8.568750836791816,32.96296296296296,0.0,0.25995086808245443,3.8911428627461064,25.768273314252433,0.010025604717598587,7273.821678089126,1.2888034188034188,0.018632478632478633,0.09636752136752137,15.188807624095329,0.0,0.0,0.005390835579514825,0.17507335657527395,high vol
GPRO,2019-09-05,-543.345499353885,0.0,-0.009088188469910663,28.25925925925926,0.0,0.12976515489836513,4.062349566552071,24.641619315067523,0.010009400687757576,7549.268505656143,1.0197863247863248,0.0105982905982906,0.0685042735042735,10.79879740931466,0.0,0.0,0.0026954177897574125,0.06680093654912664,low vol
GPRO,2019-09-06,-393.68253312977134,0.0,-2.6644419869496785,15.851851851851851,0.0,0.16808395712065174,4.114596607677257,24.36586716823434,0.01002548625888405,6201.0552850023105,0.7976923076923077,0.010042735042735043,0.046538461538461535,8.802673797717098,0.0,0.0,0.0026954177897574125,0.06502817345614993,low vol
GPRO,2019-09-09,-533.8011123719432,0.0,3.510217954068029,28.25925925925926,0.0,0.24584968460525683,4.285690865502389,23.38034927078636,0.010018133341650705,6561.458658731905,1.4995299145299146,0.020427350427350426,0.0985897435897436,15.908131766408497,0.0,0.0,0.008086253369272238,0.1904938080976671,high vol
GPRO,2019-09-10,-478.6295228239685,16.279095156215423,22.393186207518774,39.22222222222222,0.45583768979629036,0.5732772531473759,4.6263836244371115,21.781030913205257,0.010071789061736667,4561.724974023366,2.3060683760683762,0.03833333333333333,0.15482905982905984,20.59073721437252,0.016172506738544475,0.3526592783886006,0.02425876010781671,0.528689861820055,high vol
GPRO,2019-09-11,-738.2201798000359,0.0,0.8085560051745988,43.370370370370374,0.0,0.055452143822016256,4.626134725919075,21.69981229754898,0.010037807207499819,3624.096081627895,2.017094017094017,0.031025641025641027,0.11854700854700854,15.955085968569907,0.0,0.0,0.0026954177897574125,0.05802837007012462,high vol
GPRO,2019-09-12,-485.3011273721779,0.0,2.4527839097377573,37.18518518518518,0.0,0.06596132028179097,4.570768276055969,22.01909844251989,0.010064872731777601,4066.720797119612,1.4054273504273505,0.0197008547008547,0.075,13.150015588813666,0.0,0.0,0.0026954177897574125,0.05969917585288173,low vol
GPRO,2019-09-13,-907.514093596781,0.0,0.8051298984193545,39.925925925925924,0.0,0.14213417760650437,4.586885694441252,22.002240191848653,0.010092034128457652,4702.449094622448,1.5597008547008546,0.019914529914529914,0.0658974358974359,12.50911631455797,0.0,0.0,0.008086253369272238,0.17610845211685344,low vol
GPRO,2019-09-16,-601.1416704471117,1.6016259116317932,2.3283889591822065,34.77777777777778,0.23026312539622457,0.5254529849569674,4.664802890933719,21.500967521880533,0.010029059427539217,4806.900826270189,1.3436324786324787,0.021495726495726494,0.05871794871794872,12.51925430093629,0.0026954177897574125,0.05827930356232184,0.01078167115902965,0.23052513901828145,low vol
GPRO,2019-09-17,-744.5388232831754,-0.8118075549179427,3.238981757790471,34.03703703703704,0.31243530019968146,0.5761814204454653,4.523728319435894,22.135339512776582,0.010013271797660579,5735.80094426976,1.3542735042735043,0.01730769230769231,0.06623931623931624,13.931112686387905,0.005390835579514825,0.11913972469620068,0.018867924528301886,0.4158018825497154,low vol
GPRO,2019-09-18,-910.3804628653502,0.0,-5.346326750837877,34.592592592592595,0.0,0.39922482401137793,4.505869835039542,22.545534588745635,0.010158866758014844,4024.0852284125895,1.0152136752136751,0.01957264957264957,0.05149572649572649,13.159018799129443,0.0,0.0,0.005390835579514825,0.11823727935656701,low vol
GPRO,2019-09-19,-694.9457202624444,0.0,-5.680085101769788,30.666666666666668,0.0,0.23854155570417898,4.556176833322858,22.063767369133064,0.010051854674947661,4046.3441829842955,0.9821367521367521,0.010256410256410256,0.06111111111111111,12.069428127002789,0.0,0.0,0.005390835579514825,0.1180928599404465,low vol
GPRO,2019-09-20,-863.4438171981909,0.0,-2.382327239441456,41.333333333333336,0.0,0.09735693518645215,4.600767720702202,22.244789606371086,0.010232153432407355,3564.361974671939,1.3132905982905982,0.022863247863247862,0.07495726495726496,14.729302378710846,0.0,0.0,0.008086253369272238,0.14707084556248642,low vol
GPRO,2019-09-23,-499.4149423780246,2.3391812865496826,8.64337934282193,33.333333333333336,0.07017543859648986,0.25930138028465893,4.731026945151625,21.464782852638457,0.010151681374524985,5558.655259425991,1.3410683760683761,0.018931623931623932,0.07799145299145299,12.80224080583553,0.0026954177897574125,0.05668596823885164,0.008086253369272238,0.1709017906686459,low vol
GPRO,2019-09-24,-914.2360417177674,-0.8285444563593813,-4.951851952008369,40.629629629629626,0.0203926165193273,0.44438139176134195,4.509128885050885,22.28665165970126,0.010050092605231466,3498.9422572791505,1.992991452991453,0.026495726495726495,0.10273504273504273,17.393747692437863,0.0026954177897574125,0.029949086552858835,0.018867924528301886,0.3884295053785777,high vol
GPRO,2019-09-25,-718.2836016316264,1.6406159452482527,6.524871876260746,34.2962962962963,0.23918265165753802,0.6078716990734724,4.632448777617633,21.944380799233596,0.010161475145610879,4047.0497351849235,1.7342307692307692,0.022435897435897436,0.08641025641025642,15.838399358199618,0.0026954177897574125,0.05956724397254055,0.013477088948787063,0.3210280848031206,high vol
GPRO,2019-09-26,-724.6837150025509,0.0,1.5861686097232153,36.51851851851852,0.0,0.04343463738592884,4.687212953499914,21.475891427024926,0.01006596880413158,3155.7102154844183,1.4926068376068375,0.024273504273504273,0.0732051282051282,15.745747106768775,0.0,0.0,0.0026954177897574125,0.05765599550283078,high vol
GPRO,2019-09-27,-583.8309538373514,-5.2360664904321785,21.86818681107393,48.22222222222222,0.33797380009451355,0.8079537512069859,5.07356273808892,20.637318617894252,0.010469809278222032,2826.548189424665,4.611239316239316,0.2981623931623932,0.42115384615384616,46.865048526893496,0.01078167115902965,0.1857153649256797,0.0431266846361186,0.7918909701355804,high vol
GPRO,2019-09-30,-1024.8262222056617,-2.2255477533482395,4.312683728142225,43.25925925925926,0.05144673744897073,0.763932139367595,5.206440344683648,19.53440469334867,0.010169846157081672,4847.195415887485,4.692350427350427,0.12179487179487179,0.3543162393162393,33.30440695180393,0.0026954177897574125,0.026425664605464732,0.029649595687331536,0.5163799531825145,high vol
EURUSD,2019-09-03,-22.284679630666208,-0.09747211315676817,1.7492506546532656,42.77777777777778,0.010821184872650885,0.06663854201819622,1.0966880329547606,0.2686754305126319,2.94651565633263e-05,1.5701083564062328,1.4553846153846153,1.2202136752136752,1.1773076923076924,1.424210841163577,0.14285714285714285,0.014017669893097459,0.5498652291105122,0.11028538826561314,high vol
EURUSD,2019-09-04,-10.422307692084528,0.1988611667227513,-0.7772582830206913,41.65384615384615,0.006281425623528548,0.03323271855643093,1.1026605967531218,0.2686610593246771,2.9624793263475188e-05,1.7073997956944988,1.3192307692307692,1.075,1.037008547008547,1.0046037866667006,0.14285714285714285,0.009900155816866391,0.6091644204851752,0.07834411765673134,low vol
EURUSD,2019-09-05,-19.697371277910474,-0.1243799761262241,-0.7150684616367259,44.72,0.016011187530411676,0.03823682854690145,1.104490663871131,0.2717325801934883,3.0013091332778494e-05,1.556235119731434,1.477991452991453,1.2002136752136752,1.156837606837607,1.0893193311924783,0.16442048517520216,0.016083787228933204,0.5444743935309974,0.09874589090588841,high vol
EURUSD,2019-09-06,-11.41773218421187,-0.14434504555294048,-0.5899259126746847,41.55555555555556,0.006861957637582403,0.0253475591575011,1.1039020588888766,0.27372853856729207,3.0215831934466905e-05,1.5281865705564097,1.3662820512820513,1.1126068376068377,1.0799572649572649,1.0976771138598422,0.14555256064690028,0.0144087880891458,0.5660377358490566,0.07801208588792244,high vol
EURUSD,2019-09-09,-8.165948808756802,-0.14610263706698376,0.09404454862100209,42.15384615384615,0.006601479226094746,0.02566490291733373,1.105568317246199,0.26095922876020905,2.885076180893263e-05,1.6754186606205848,1.0764529914529914,0.8949572649572649,0.8655128205128205,0.9018939465915072,0.11590296495956873,0.009751694366476457,0.4743935309973046,0.05716854707066453,low vol
EURUSD,2019-09-10,-12.107961552779877,-0.164454493423059,-0.6474027707781206,42.55555555555556,0.008751956918548177,0.023879852193611356,1.1041585223202983,0.25577976198628577,2.8242460797792032e-05,1.6197502278119502,1.113931623931624,0.9211538461538461,0.8933333333333333,0.9281168119762655,0.14016172506738545,0.010252802479636103,0.4636118598382749,0.06078081988732322,low vol
EURUSD,2019-09-11,-12.936703341469611,0.07411394207797835,-0.15840013514066856,39.370370370370374,0.004277411527654362,0.020266175489066608,1.1002656456745274,0.24206622407726214,2.6633501907219962e-05,1.61324131179487,0.9646153846153847,0.7894017094017094,0.763034188034188,0.7794953483146487,0.09164420485175202,0.007474352219219475,0.49595687331536387,0.06480801518958804,low vol
EURUSD,2019-09-12,34.4356234581871,-0.14705941285253574,-0.4063365280235903,40.333333333333336,0.008305399985032902,0.053557634078536344,1.105766454213981,0.2834995228941052,3.1347124066598774e-05,1.5311650802883856,2.1502564102564103,1.8513247863247864,1.797008547008547,2.438531620213319,0.1940700808625337,0.016225430212908714,0.633423180592992,0.15154438308797166,high vol
EURUSD,2019-09-13,-25.854927689195062,0.281365821433472,-1.5905211716296057,46.65384615384615,0.007518963656733208,0.038561940994671355,1.107366543239472,0.28421838523324516,3.147344555517059e-05,1.6433782736397429,1.1997435897435897,0.9982051282051282,0.9685897435897436,1.1432432473549918,0.14016172506738545,0.01046703658123288,0.4716981132075472,0.062193622741253736,high vol
EURUSD,2019-09-16,16.387926426109686,-0.2905580393442386,-0.5118865971244914,38.56,0.008665622191724027,0.027616438598757124,1.1005280053225075,0.279467502038165,3.0755633424898795e-05,1.6680626030135202,1.1994871794871795,1.013034188034188,0.9794871794871794,1.0095302762919143,0.1293800539083558,0.009671487213475717,0.5067385444743935,0.07053457520916831,low vol
EURUSD,2019-09-17,-6.7720623738374535,-0.014247474914336374,0.40714012167163943,40.46153846153846,0.006193924465972351,0.025866903612762185,1.1059368046509193,0.2748882904699028,3.0401232495751576e-05,1.6784734360911713,1.4092307692307693,1.1854273504273505,1.1484188034188034,1.0812021129504228,0.15363881401617252,0.011463405344026505,0.5256064690026954,0.07167896777128344,high vol
EURUSD,2019-09-18,-6.462800767951091,0.13605795988561714,0.6205775713123869,40.84615384615385,0.00912525350060093,0.0315143296410077,1.1052182482375328,0.2772963643113481,3.064419261337489e-05,1.602374392070678,1.7473504273504274,1.4931623931623932,1.449957264957265,1.6172527882695884,0.16711590296495957,0.015741712157055783,0.5956873315363881,0.11824072656731685,high vol
EURUSD,2019-09-19,1.8241716675550845,0.5203100244458898,0.6859991019298229,41.0,0.01287453348830443,0.028321469265029976,1.105159845036006,0.25846148770607047,2.8564997299544074e-05,1.824716173238345,1.4146581196581196,1.1908547008547008,1.143888888888889,0.8526268534281889,0.14285714285714285,0.011340170755263472,0.5336927223719676,0.06877165098345668,low vol
EURUSD,2019-09-20,-15.719674659141926,-0.06713501849358065,-0.5114783637609932,41.407407407407405,0.008933517060348941,0.02957370705898525,1.1011978868048928,0.2679274472773769,2.950438865965738e-05,1.7291887278223483,1.6264529914529915,1.3625213675213674,1.3135470085470085,1.1302686472187484,0.16442048517520216,0.011381306214333649,0.6118598382749326,0.08886007656610549,high vol
EURUSD,2019-09-23,-11.553426040450631,-0.1575192124604369,-0.40219657988267143,41.88461538461539,0.007103610140238797,0.020134472879014292,1.0991317297448693,0.26556386529753334,2.918903959621078e-05,1.7223791463048075,1.281068376068376,1.0696153846153846,1.0325213675213676,0.9009427362881701,0.11320754716981132,0.008583839568340888,0.5013477088948787,0.06817078576240385,low vol
EURUSD,2019-09-24,-3.756874682332306,0.3666239066421449,-0.6125047262176182,38.629629629629626,0.011755195129766534,0.026834668546872588,1.1008193319050805,0.28634329887149135,3.152122396182793e-05,1.7128895659100223,1.8543162393162393,1.5258119658119658,1.4691452991452991,1.2059743851540023,0.23180592991913745,0.018118423630470507,0.6442048517520216,0.09585885663371967,high vol
EURUSD,2019-09-25,-17.93826136161596,-0.0302839269107711,-1.71973113273756,40.03703703703704,0.008022035363306805,0.045663352102309006,1.0952944861585323,0.26685550370439487,2.922797973386703e-05,1.7763974504151068,1.7107692307692308,1.4002991452991453,1.350982905982906,1.0461437074283777,0.15633423180592992,0.013532956130501953,0.6037735849056604,0.08880960884413636,low vol
EURUSD,2019-09-26,-19.169071470032478,-0.14230521923617015,0.04213693488416956,43.03703703703704,0.010390428449233524,0.03374479393700414,1.0935763646842125,0.2721051580995562,2.975521034589359e-05,1.7523608227561525,1.6044871794871796,1.3616239316239316,1.3095299145299146,1.210831065015333,0.16711590296495957,0.012936359783664007,0.5336927223719676,0.08169582512767501,high vol
EURUSD,2019-09-27,-21.34760474663849,0.043816343599399274,-1.0837714514711545,41.370370370370374,0.004337950371762698,0.03633691838894247,1.0941828410807686,0.27459957833115495,3.0046357557307994e-05,1.7689624185013322,1.5008547008547009,1.2627350427350428,1.217008547008547,1.0595485326415133,0.15363881401617252,0.010837791661095459,0.5741239892183289,0.07845045777924013,low vol
EURUSD,2019-09-30,-12.806200749689129,0.28884625354401794,0.4115645031845276,39.370370370370374,0.009751733035550715,0.038223844743199384,1.0903484615017913,0.2738486436402986,2.985884718067631e-05,1.795751190591746,1.415,1.196880341880342,1.153974358974359,0.9433216147787465,0.1347708894878706,0.011372333264544053,0.5660377358490566,0.0850366700967563,low vol
