asset,family,Average duration of long signals (min),Average duration of short signals (min),Number of long signals,Number of short signals,Share of session in a position (%)
AAPL,MA,15.086666666666666,12.525974025974026,150,154,56.648648648648646
AAPL,OBV,9.764705882352942,12.686046511627907,17,86,16.986486486486488
AAPL,IMB,1.3142857142857143,1.4285714285714286,35,7,0.7567567567567568
GPRO,MA,19.71794871794872,18.39160839160839,156,143,77.10810810810811
GPRO,OBV,9.898550724637682,11.308641975308642,69,81,21.60810810810811
GPRO,IMB,3.475,4.232558139534884,360,258,31.66216216216216
EURUSD,MA,9.4,10.153846153846153,30,26,7.378378378378378
EURUSD,OBV,10.011764705882353,9.095890410958905,85,73,20.472972972972972
EURUSD,IMB,2.0,1.5357142857142858,25,28,1.2567567567567568
