delay_ms,AAPL | MA,AAPL | OBV,AAPL | IMB,GPRO | MA,GPRO | OBV,GPRO | IMB,EURUSD | MA,EURUSD | OBV,EURUSD | IMB,Mean
0,0.0,0.0,0.0,0.0,0.0,0.0,0.0,0.0,0.0,0.0
10,-0.0552668416331743,0.009133742579870208,0.009076654475020152,0.0,0.0,-0.20576131687242594,-0.0018154738459555397,-0.0009078078927611255,0.0,-0.027282338132158506
20,-0.13317941354754215,-0.02686387952621061,0.018068046439916663,0.0,0.0,-0.20576131687242594,-0.0027146505822658873,-0.0009104362728820092,-0.0009051903615389656,-0.03914076008032766
50,-0.16259233680670437,0.03673247625151832,0.008914452523890004,0.0,0.0,-0.20576131687242594,-0.003638619663751036,0.004576974219768548,-0.0009051903615389656,-0.0358526178565826
100,-0.12273700993022629,0.07340554805944355,-0.022885867299009433,0.0004927322000511936,0.0,0.22620412589215277,-0.004542027251107306,0.022824174804224606,-0.0036417723433015414,0.018791100459136394
200,-0.019763763928800415,0.0545882406067304,-0.027384802388313756,-0.4154536199859109,0.0,-0.07104515975902359,-0.0036552661861687097,0.07765057965624944,-2.2503260330652974e-05,-0.04500958836061869
300,-0.22949670573650316,-0.03346269976293026,-0.022959952053036026,-0.830540601183273,0.0,-0.4900133085583178,-0.01002220937730744,0.10418629185973849,-0.0054639569529411625,-0.16864146019606338
400,-0.24550405041363899,0.016708343062717512,-0.009297368750627588,-0.6102784072368763,0.0,-0.2745021386002975,-0.004554023745794361,0.11609973478997349,-0.014552905980776853,-0.11398675743059118
500,-0.1751762774599328,0.05342516780103912,-0.0003005712417101236,-0.4215496859322698,0.0,-0.683489852275514,0.0018012633845065629,0.1170050323164804,-0.019090858296848645,-0.12526397574491657
600,-0.2067634670218208,0.025042369429479017,0.004219645442310238,-0.6366014729758547,0.19685039370078172,-0.900724558744173,0.0009270631141121699,0.1070108696862524,-0.018176182372085015,-0.15869059330455532
700,-0.24243235112983186,0.0400696404377876,0.018077305213738182,-0.4215497115995248,0.19685039370078172,-0.6847418373618979,0.0063365112140971735,0.1042535176252748,-0.01818046395102374,-0.11125744398339986
800,-0.3410498790375742,0.072564210410621,0.027041584441541144,-0.4215497115995248,0.19685039370078172,-0.9045220571420884,0.013557679084921281,0.10880705246048072,-0.01273108874925627,-0.14011464627001088
900,-0.34984436748115666,0.1003142836091846,-0.009339317769189726,-0.4215497115995248,0.19685039370078172,-0.4780985347733093,0.009926107035351184,0.1197096167087115,-0.010022712461547845,-0.09356158255896659
1000,-0.2727806183609971,-0.009057198467947947,0.018559313114121623,-0.6161022407824248,0.4200646794150664,-0.7236173872723128,0.006317695589384442,0.1151923697906505,-0.007302819407852157,-0.1187473562647013
