asset,family,delay_ms,importance_pct,median_pct,pooled_pct,diff_bps_per_day,n_days,wilcoxon_p
AAPL,MA,100,34.42151315714401,2.863104394490919,3.0854503492436978,2.086341782208113,20,0.03623390197753906
AAPL,MA,1000,32.70584282206437,2.147202174107844,1.2322140475735421,0.8332072667144402,20,0.5705966949462891
AAPL,OBV,100,1.6033058830181293,1.117920036045588,2.5354195799374613,0.9369222853275594,20,0.082550048828125
AAPL,OBV,1000,-8.931067553953167,0.7692336165979783,0.6256525629684911,0.23119953547567948,20,0.7285060882568359
AAPL,IMB,100,3.0023836142005584,1.8922983677178529,1.3985052048788167,0.31449181821310684,20,0.3299827575683594
AAPL,IMB,1000,8.563546997173868,7.676232432891517,5.064480531800884,1.1388857797557899,20,0.1230926513671875
GPRO,MA,100,-0.2181419307430505,0.0,-0.05593534991983712,-0.43182054364746153,20,
GPRO,MA,1000,-0.3576920113504266,0.0,-0.09131935892616587,-0.7049848668784272,20,0.90966796875
GPRO,OBV,100,0.25462716530101576,0.0,0.041738997084453236,0.240851301024185,20,0.9375
GPRO,OBV,1000,-0.23659016498372637,0.0,-0.31288266857498087,-1.805462590337901,20,0.5830078125
GPRO,IMB,100,-0.22754153730010832,0.0,-0.22774684037326826,-1.72281356406484,20,0.4375
GPRO,IMB,1000,-0.9916545221051122,-0.43874933103491814,-1.0554979629927952,-7.98441903521676,20,0.036067962646484375
EURUSD,MA,100,-0.7601305991175797,-0.45668861826938356,-0.11980881703146415,-0.010014801837222573,20,0.9272785186767578
EURUSD,MA,1000,2.1621325593631746,3.1968751339988484,5.745007115528911,0.4802243210559857,20,0.039989471435546875
EURUSD,OBV,100,-6.910237921700063,0.2808071709834288,0.08825857304864557,0.00963774882648265,20,0.7285060882568359
EURUSD,OBV,1000,-4.634265371333961,2.2646715288679635,4.005593153986797,0.4374068080380733,20,0.069580078125
EURUSD,IMB,100,-0.6007008011936535,-0.957067712042861,-0.6174817371797617,-0.0537385889609725,20,0.03276824951171875
EURUSD,IMB,1000,-1.5503245382387318,0.4094102606895345,-0.9729014918364698,-0.08467028289469314,20,0.8694877624511719
