strategies,asset,delay_ms,importance_pct,median_pct,pooled_pct,diff_bps_per_day,n_days,wilcoxon_p
all,AAPL,10,0.8806009946496912,0.5473502093564799,0.9363373047677808,0.40158879207908144,20,0.023950576782226562
all,AAPL,20,2.2190533873754603,0.568492052623135,1.85883688762538,0.7972426780097699,20,0.01068878173828125
all,AAPL,50,2.119772978147325,1.6826912248721326,2.0728691186958437,0.889039666876827,20,0.069580078125
all,AAPL,100,3.808308463496254,1.7236252455589631,2.716843671673263,1.1652360349410116,20,0.03276824951171875
all,AAPL,200,4.227426969561838,3.586459319488557,3.396742412634101,1.4568400463674998,20,0.01531219482421875
all,AAPL,500,6.98193752722067,3.9596690422063383,4.822926970083281,2.068521040803473,20,0.013616561889648438
all,AAPL,1000,2.870214616680435,2.805051257318962,1.614235446970887,0.6923347601119536,20,0.47490501403808594
all,GPRO,10,-0.08437981780192519,0.0,-0.06055308914748665,-0.4249819049513062,20,
all,GPRO,20,-0.050349575908396685,0.0,-0.024715867357514715,-0.1734642532693377,20,
all,GPRO,50,-0.16928382812644496,0.0,-0.1119257041894449,-0.7855321611023209,20,
all,GPRO,100,-0.15253701252922588,0.0,-0.09089442754477622,-0.6379276022293705,20,0.7421875
all,GPRO,200,-0.21605821839969558,0.0,-0.1490342989737408,-1.0459727352088652,20,0.375
all,GPRO,500,-0.4416189201877634,-0.044359085115050725,-0.33091500172506494,-2.322472557387604,20,0.10986328125
all,GPRO,1000,-0.6223561763980205,-0.4040744015119604,-0.49844991743831424,-3.4982888308110125,20,0.0758514404296875
all,EURUSD,10,-0.16102487011614192,-0.045488437844626674,-0.06214952851527229,-0.005772631160455604,20,0.49800872802734375
all,EURUSD,20,-0.18209131527060168,-0.11872051254119255,-0.06992725974720937,-0.006495049732884449,20,0.4523754119873047
all,EURUSD,50,-0.8311282785501207,-0.15274379514659658,-0.23852907072474758,-0.022155282256112928,20,0.5705966949462891
all,EURUSD,100,-1.791222392810079,0.318721052125763,-0.2067833088359497,-0.01920664244066129,20,0.956329345703125
all,EURUSD,200,0.02773872495076596,1.085834278660819,1.349295508010728,0.1253265387571119,20,0.03276824951171875
all,EURUSD,500,1.1221112631738948,1.3064459803806532,2.6701204912337664,0.24800865136216443,20,0.082550048828125
all,EURUSD,1000,0.2664122997639066,3.188652890483201,3.0768666709877763,0.2857884338920881,20,0.11398696899414062
positive,AAPL,10,2.303773953689548,0.5161156320969935,0.45952849829349207,0.14757936000335461,16,0.359130859375
positive,AAPL,20,2.992850733255098,0.5679416353250624,1.2335769565485237,0.39616802535290185,16,0.15142822265625
positive,AAPL,50,2.8483419440805133,-0.1682582691381045,0.3326988293482541,0.10684751977606778,16,0.899932861328125
positive,AAPL,100,5.045983883341228,1.4574201251973837,1.5120888306488434,0.4856131942286058,16,0.40374755859375
positive,AAPL,200,3.270112773927786,1.2819369971032994,0.6460586171526626,0.20748423133302005,16,0.4637451171875
positive,AAPL,500,0.7301568856269851,1.5482135631821854,1.6615328952938662,0.533607735369178,16,0.596588134765625
positive,AAPL,1000,-10.903410017232908,-3.78546878285868,-3.76174200095429,-1.2080980375759098,16,0.375457763671875
positive,GPRO,10,-1.6168738409591508,0.0,-2.1088575711378588,-4.123711340206087,5,
positive,GPRO,20,-0.10307410398606276,0.0,-0.13443757890863858,-0.26288250865433294,5,
positive,GPRO,50,-0.10307410398606276,0.0,-0.13443757890863858,-0.26288250865433294,5,
positive,GPRO,100,1.4285349055162615,0.0,1.8632107062512517,3.643367491345584,5,
positive,GPRO,200,1.4285349055162615,0.0,1.8632107062512517,3.643367491345584,5,
positive,GPRO,500,-0.08505462240563026,0.0,-0.11093511434014022,-0.21692521832314404,5,
positive,GPRO,1000,-4.832650281990767,0.0,-6.303133168257631,-12.325299764435332,5,
positive,EURUSD,10,0.03268916513872077,0.0,0.2542840924266418,0.023545847280539614,19,0.90966796875
positive,EURUSD,20,0.919811508420024,-0.13837817449910025,0.12962047644457134,0.012002417900660202,19,0.231201171875
positive,EURUSD,50,-1.5259018195620877,-0.5930321089786721,-0.3075563101037459,-0.028478674535876554,19,0.2633209228515625
positive,EURUSD,100,-1.359045434333443,-1.3812066583835627,-0.5343952884369755,-0.04948319703721513,19,0.4585723876953125
positive,EURUSD,200,-3.8071884323306775,-1.7844130128522646,-0.005944617223143331,-0.0005504514574295617,19,0.6794281005859375
positive,EURUSD,500,-5.720217274531862,-2.9642896579710656,-0.5174728377685267,-0.0479162353163725,19,0.5948867797851562
positive,EURUSD,1000,-4.3847505697982525,-4.694129288767991,-0.9425755688274933,-0.08727931103430138,19,0.6507492065429688
negative,AAPL,10,0.7881370440240743,0.5473502093564799,0.7121050539957963,0.49464940049582506,20,0.00830841064453125
negative,AAPL,20,1.3921487407073279,0.7125726151116513,1.382800591870802,0.9605345165521072,20,0.012079238891601562
negative,AAPL,50,1.8232551238687364,1.4766170521418398,1.6657822257135073,1.157101995951642,20,0.029575347900390625
negative,AAPL,100,2.5441888043779928,1.6072247606065049,2.0966084892918797,1.4563667628580095,20,0.023950576782226562
negative,AAPL,200,3.7060940594420657,2.904668018085535,2.785631203155039,1.9349824817438221,20,0.005580902099609375
negative,AAPL,500,4.964393623748974,3.3983980922953325,3.763294294207857,2.614096411862097,20,0.009435653686523438
negative,AAPL,1000,1.7241787264835178,2.9223467123957323,1.8927222727803426,1.3147413184086443,20,0.3117942810058594
negative,GPRO,10,-0.07626629175205635,0.0,-0.057503299346081685,-0.41607764927069707,20,
negative,GPRO,20,-0.048946168453392766,0.0,-0.026539058459374144,-0.19202913890516496,20,
negative,GPRO,50,-0.1676700337806878,0.0,-0.11153892786776506,-0.8070642108739431,20,
negative,GPRO,100,-0.1584029967059612,0.0,-0.09363417988345236,-0.6775105063593391,20,0.7421875
negative,GPRO,200,-0.2218182680664787,0.0,-0.15023383941730814,-1.0870496729145398,20,0.375
negative,GPRO,500,-0.4390846761147412,-0.044359085115050725,-0.32825492089336916,-2.3751599890791018,20,0.10986328125
negative,GPRO,1000,-0.5960312161780974,-0.4040744015119604,-0.486610511009124,-3.520976358461512,20,0.069580078125
negative,EURUSD,10,-0.03532208840342057,-1.974810619522118e-06,-0.03745436522965004,-0.006087413371513666,20,0.5677604675292969
negative,EURUSD,20,-0.02411715674403022,-0.04206891342122225,-0.030636627538285353,-0.004979334584664236,20,0.7011814117431641
negative,EURUSD,50,-0.17472835855540886,-0.17711447893621723,-0.09391861581284422,-0.015264480768200825,20,0.8123550415039062
negative,EURUSD,100,-0.3035427385361283,0.18131259027197213,-0.16873888340686838,-0.02742492974709676,20,1.0
negative,EURUSD,200,1.1447688575205677,1.3999360240869279,1.0424119024205951,0.1694219649568847,20,0.01068878173828125
negative,EURUSD,500,2.2868584667238303,1.8273970545579088,2.0887822719675353,0.33948729486116236,20,0.01531219482421875
negative,EURUSD,1000,1.7730937337777313,2.740548059933433,1.7897559413478057,0.2908869014947783,20,0.069580078125
