asset,family,Return at 0 ms (bps/day),Cost 100 ms (bps/day),Cost 1 s (bps/day),Mean |effect| 1 s (bps/day)
AAPL,MA,-27.96838538761408,0.12677319000051557,-1.085067378624897,4.09715343306216
AAPL,OBV,-9.47971749144938,-0.04651326677892238,-0.674050463366234,2.5484441973248106
AAPL,IMB,-4.7105843313902644,-0.06551843327001176,0.06687413284484267,0.5553952238419848
GPRO,MA,-392.9124997665765,-0.42090744853383627,-2.608595834372278,8.29213312862266
GPRO,OBV,-143.44795168413216,0.46422858931504013,2.0083872552136515,2.727165887024269
GPRO,IMB,-268.7693974109554,-0.34634391335069964,-2.377176555783203,5.306571017041761
EURUSD,MA,-1.4708317874050063,-0.006847172451060914,-0.10223086777693306,0.49946980098175536
EURUSD,OBV,-5.663778287635678,0.044467951467286826,0.25295359911196247,0.6060784505048805
EURUSD,IMB,-0.9900882577066384,-0.014786464545332697,-0.04031399253922364,0.15420571452010154
