asset,date,rules_trading,ret0_bps,cost100_bps,cost1000_bps,abs100_bps,abs1000_bps,units,mid,spread_bps,spread_ticks,depth,bbo_updates_per_s,quote_moves_per_s,trades_per_s,vol_1min_bps,p_quote_change_100ms,abs_mid_move_100ms_bps,p_quote_change_1000ms,abs_mid_move_1000ms_bps,vol_regime
AAPL,2019-09-03,475,-22.877208598540907,-0.4702506150092473,-0.5234294840296084,0.21259915989671785,0.455354757907497,4849.895727241865,205.20705875431892,1.087046173805703,0.022310739758987272,207.44865790570896,18.570641025641027,4.234957264957265,2.1666239316239317,5.38529980361208,0.24528301886792453,0.15811391469906702,0.628032345013477,0.5847806080157822,high vol
AAPL,2019-09-04,382,-24.759721646878976,0.46281068881156673,0.31265958354365986,0.0769256400173329,0.20007073543524762,4849.895727241865,208.54157602550828,0.7708848133687386,0.016071191037660353,336.6032547466699,21.79905982905983,2.703846153846154,1.9983760683760683,3.0010898927052048,0.16442048517520216,0.06985953535102413,0.5040431266846361,0.30527457713268474,low vol
AAPL,2019-09-05,361,3.653822294838592,0.615246232254851,1.4904407576747187,0.2276877217282769,0.38825075140912646,4849.895727241865,212.68978417391878,0.7826001947184755,0.01664560679265875,338.68020588763346,36.20247863247863,3.462008547008547,2.4355128205128205,3.9612697105057877,0.18059299191374664,0.0962055239790798,0.5094339622641509,0.33296083927733106,low vol
AAPL,2019-09-06,345,-7.062673704070081,0.16705382271957742,1.9222932863703686,0.07961562273022109,0.32475520985422746,4849.895727241865,213.30037167128216,0.5145230516968893,0.010975383827900198,286.8488260759836,42.043675213675215,6.852094017094017,3.0703418803418803,4.006499957186059,0.1725067385444744,0.07456011672025604,0.4636118598382749,0.3255783294930955,low vol
AAPL,2019-09-09,410,9.696791551070339,0.2889823992112853,-0.3361415281978223,0.0743504892137249,0.2523339571009417,4849.895727241865,214.96679930346698,0.5056162171348563,0.010868504652964234,209.09368051457645,50.538119658119655,7.298034188034188,4.243589743589744,4.692277343629748,0.1752021563342318,0.08020963081038865,0.5444743935309974,0.3967808264949568,low vol
AAPL,2019-09-10,423,-93.10955760523407,-0.23203936044394027,-2.599207622141783,0.1175113109313181,0.3666845781726424,4849.895727241865,213.9223581733684,0.6110643855668342,0.013073482281455375,184.04404461692468,59.367820512820515,14.37380341880342,5.133931623931624,7.236097485503503,0.41509433962264153,0.1991280902072182,0.7574123989218329,0.6639553564991767,high vol
AAPL,2019-09-11,404,-24.16601509982688,0.03877490148238869,0.03613420761898987,0.06914164369138401,0.2984707604267905,4849.895727241865,221.77801120773574,0.8791304563670582,0.019488469012337663,402.7542073413114,35.01047008547008,7.47042735042735,4.628290598290598,5.8381398690742445,0.1967654986522911,0.07357492245600364,0.6145552560646901,0.42194986924120786,high vol
AAPL,2019-09-12,454,-15.47721281468286,-0.12110323783150449,-0.6653925347195967,0.13647232181848887,0.4020756986768519,4849.895727241865,225.03102639302847,0.9582344506040528,0.021560747371274412,194.65887622177425,30.842564102564104,8.172777777777778,3.75482905982906,6.315016624934832,0.2803234501347709,0.1197774606501564,0.660377358490566,0.5373092518341397,high vol
AAPL,2019-09-13,475,-6.736892281307676,0.41111877999581653,0.3346338409056346,0.0955007140304818,0.35628499958286847,4849.895727241865,218.64386959216543,0.6089544997979877,0.013318336405700525,175.37897143243993,57.66384615384615,12.128547008547008,5.807905982905983,6.61633176953548,0.29649595687331537,0.12129221820083252,0.6792452830188679,0.49952440498156375,high vol
AAPL,2019-09-16,401,-21.796479321253646,0.010241900293911494,-1.6928187249869762,0.10969534666525615,0.33966168041717687,4849.895727241865,219.40571903807273,0.5739355758916602,0.012589940767292815,184.8783625110108,50.28940170940171,9.037179487179488,3.4039316239316237,4.761282477500689,0.261455525606469,0.10324728492949115,0.628032345013477,0.4891511084022731,low vol
AAPL,2019-09-17,371,-22.20765660165046,-0.06480026214812575,-0.0958866052233828,0.07320928273288924,0.2533966654457665,4849.895727241865,220.014293432984,0.6641955265934253,0.014611581057949777,252.3237429337365,26.420641025641025,5.253760683760683,2.141623931623932,3.665852766638183,0.2668463611859838,0.08823353907805699,0.5660377358490566,0.37134199900171355,low vol
AAPL,2019-09-18,424,-14.061133258542052,0.2759138218282189,-2.7740158639863153,0.17207490361104302,0.5324399771907228,4849.895727241865,221.51110492395043,0.8074758556086472,0.017871511399123824,227.37406762562725,32.48918803418803,7.818461538461539,2.8136324786324787,6.055578728183206,0.23180592991913745,0.1200576440801594,0.5983827493261455,0.5252865382240803,high vol
AAPL,2019-09-19,387,-4.577261448758094,-0.12970522600614343,0.8655032840563915,0.08804878539319985,0.291531380015726,4849.895727241865,221.89349379948823,0.6421140568864504,0.014249349869252605,234.7442752568419,33.762735042735045,6.294871794871795,2.512564102564103,4.482932937849753,0.16442048517520216,0.07292698244650192,0.5660377358490566,0.3954584516976832,low vol
AAPL,2019-09-20,459,58.0505038323569,-0.05034201192925255,-1.9384443236656936,0.13576715695841046,0.47474925983106325,4849.895727241865,220.3747228568091,0.8568922639333738,0.01887863100062547,241.7603781528532,37.545042735042735,8.830897435897436,3.1176495726495728,6.831127972198956,0.261455525606469,0.11467521342165711,0.6442048517520216,0.5339599059930994,high vol
AAPL,2019-09-23,371,-43.095533091345,-0.09698654264039741,-0.9623968234682093,0.07749918933145503,0.20557677729774265,4849.895727241865,218.9779764954411,0.6665475530288726,0.0145998253665085,227.06529113344965,26.10405982905983,6.819529914529914,2.7744017094017095,4.486089611923083,0.215633423180593,0.08938964872130495,0.5471698113207547,0.3117108050517091,low vol
AAPL,2019-09-24,461,-11.030499855916828,0.10063660147932546,-0.846749028247678,0.1413287032879539,0.4657332232409333,4849.895727241865,219.20210456817557,0.7969152866068837,0.01747056552894363,124.77189474759138,62.04816239316239,17.591623931623932,5.184786324786325,7.935555270084279,0.3746630727762803,0.1686010344974557,0.8247978436657682,0.7677341500877536,high vol
AAPL,2019-09-25,389,-33.704973973224504,-0.40055711014272527,-1.011853757932109,0.12693078426991378,0.32345602738023194,4849.895727241865,220.06975213393093,0.756771873292241,0.01665179173186747,170.45594147073274,42.84752136752137,11.867820512820513,3.1098717948717947,5.55251456499633,0.32345013477088946,0.1356985664130076,0.6846361185983828,0.5379193527089676,high vol
AAPL,2019-09-26,406,-51.00634317292942,0.435874257157972,-0.2811661627888607,0.10965133645570745,0.28268690131312707,4849.895727241865,219.9583253385145,0.6273682067316554,0.01379758339792681,138.9154508602789,48.54576923076923,11.70405982905983,3.3361111111111112,4.909914356334262,0.31536388140161725,0.11767877729802789,0.6388140161725068,0.45850217816566685,low vol
AAPL,2019-09-27,486,-38.18177658327841,-1.3508985720057154,-6.775755606662073,0.22049518590812384,1.0581661327286243,4849.895727241865,219.11333152831412,0.7348239031200674,0.016105352824147212,146.5751340947665,56.986324786324786,15.459102564102563,4.202564102564103,6.237092099564577,0.3423180592991914,0.14770297687670988,0.7628032345013477,0.7543034800193696,high vol
AAPL,2019-09-30,392,11.05719586707837,0.18583203992736416,0.0507116913303959,0.08897060299804446,0.2544751338861261,4849.895727241865,223.36468061506707,0.8247843248003084,0.018428817997714342,223.07465817987827,32.2042735042735,8.56559829059829,3.251239316239316,4.378968722970545,0.22641509433962265,0.08218944405061729,0.6145552560646901,0.3947388877978349,low vol
GPRO,2019-09-03,502,-100.35765840009873,0.0,-1.328339851978964,0.0,0.19781501430753032,263504.6113306983,3.735163159337554,26.875239127293803,0.010036440030388456,8243.438159414643,1.5794871794871794,0.026025641025641026,0.1438034188034188,18.148438938691605,0.0,0.0,0.005390835579514825,0.14491519673223716,high vol
GPRO,2019-09-04,547,-298.43649896825383,0.0,-4.412417218882356,0.0,0.7116245567018085,263504.6113306983,3.8911428627461064,25.768273314252433,0.010025604717598587,7273.821678089126,1.2888034188034188,0.018632478632478633,0.09636752136752137,15.188807624095329,0.0,0.0,0.005390835579514825,0.17507335657527395,high vol
GPRO,2019-09-05,572,-241.0530115196673,0.0,-0.6905605090423423,0.0,0.08271409781676002,263504.6113306983,4.062349566552071,24.641619315067523,0.010009400687757576,7549.268505656143,1.0197863247863248,0.0105982905982906,0.0685042735042735,10.79879740931466,0.0,0.0,0.0026954177897574125,0.06680093654912664,low vol
GPRO,2019-09-06,479,-231.4357662366048,0.0,0.9002759396182651,0.0,0.11945489614325455,263504.6113306983,4.114596607677257,24.36586716823434,0.01002548625888405,6201.0552850023105,0.7976923076923077,0.010042735042735043,0.046538461538461535,8.802673797717098,0.0,0.0,0.0026954177897574125,0.06502817345614993,low vol
GPRO,2019-09-09,595,-137.94582182071318,0.0,-1.5346913205621489,0.0,0.37053602565745647,263504.6113306983,4.285690865502389,23.38034927078636,0.010018133341650705,6561.458658731905,1.4995299145299146,0.020427350427350426,0.0985897435897436,15.908131766408497,0.0,0.0,0.008086253369272238,0.1904938080976671,high vol
GPRO,2019-09-10,551,-152.36876646240668,-3.473817572976433,-5.582766577442807,0.6550655741369231,0.9320774058712843,263504.6113306983,4.6263836244371115,21.781030913205257,0.010071789061736667,4561.724974023366,2.3060683760683762,0.03833333333333333,0.15482905982905984,20.59073721437252,0.016172506738544475,0.3526592783886006,0.02425876010781671,0.528689861820055,high vol
GPRO,2019-09-11,514,-186.0690950803558,0.0,-1.8701814756162807,0.0,0.18072346728989971,263504.6113306983,4.626134725919075,21.69981229754898,0.010037807207499819,3624.096081627895,2.017094017094017,0.031025641025641027,0.11854700854700854,15.955085968569907,0.0,0.0,0.0026954177897574125,0.05802837007012462,high vol
GPRO,2019-09-12,551,-64.51790303446386,0.0,-0.1582985836859976,0.0,0.11396690762333912,263504.6113306983,4.570768276055969,22.01909844251989,0.010064872731777601,4066.720797119612,1.4054273504273505,0.0197008547008547,0.075,13.150015588813666,0.0,0.0,0.0026954177897574125,0.05969917585288173,low vol
GPRO,2019-09-13,562,-196.8904977297848,0.0,0.6224714359520801,0.0,0.1819336509829134,263504.6113306983,4.586885694441252,22.002240191848653,0.010092034128457652,4702.449094622448,1.5597008547008546,0.019914529914529914,0.0658974358974359,12.50911631455797,0.0,0.0,0.008086253369272238,0.17610845211685344,low vol
GPRO,2019-09-16,552,-176.59240775517998,-0.27406307456625456,2.5465217505743913,0.09689770882931253,0.4441211712169281,263504.6113306983,4.664802890933719,21.500967521880533,0.010029059427539217,4806.900826270189,1.3436324786324787,0.021495726495726494,0.05871794871794872,12.51925430093629,0.0026954177897574125,0.05827930356232184,0.01078167115902965,0.23052513901828145,low vol
GPRO,2019-09-17,566,-303.60054040346535,-0.8324449544421112,-2.401056953138191,0.2472655704725903,0.6708610245275045,263504.6113306983,4.523728319435894,22.135339512776582,0.010013271797660579,5735.80094426976,1.3542735042735043,0.01730769230769231,0.06623931623931624,13.931112686387905,0.005390835579514825,0.11913972469620068,0.018867924528301886,0.4158018825497154,low vol
GPRO,2019-09-18,542,-303.9240449083503,0.0,0.5405742988888761,0.0,0.15401251284171288,263504.6113306983,4.505869835039542,22.545534588745635,0.010158866758014844,4024.0852284125895,1.0152136752136751,0.01957264957264957,0.05149572649572649,13.159018799129443,0.0,0.0,0.005390835579514825,0.11823727935656701,low vol
GPRO,2019-09-19,517,-168.68527544661015,0.0,1.352279105681732,0.0,0.18144547867944436,263504.6113306983,4.556176833322858,22.063767369133064,0.010051854674947661,4046.3441829842955,0.9821367521367521,0.010256410256410256,0.06111111111111111,12.069428127002789,0.0,0.0,0.005390835579514825,0.1180928599404465,low vol
GPRO,2019-09-20,499,-312.6701307153637,0.0,1.429670994688609,0.0,0.22314084536764917,263504.6113306983,4.600767720702202,22.244789606371086,0.010232153432407355,3564.361974671939,1.3132905982905982,0.022863247863247862,0.07495726495726496,14.729302378710846,0.0,0.0,0.008086253369272238,0.14707084556248642,low vol
GPRO,2019-09-23,562,-157.23081515634945,-0.37452328749442404,-1.062395288829008,0.08223009461289456,0.3013075635357784,263504.6113306983,4.731026945151625,21.464782852638457,0.010151681374524985,5558.655259425991,1.3410683760683761,0.018931623931623932,0.07799145299145299,12.80224080583553,0.0026954177897574125,0.05668596823885164,0.008086253369272238,0.1709017906686459,low vol
GPRO,2019-09-24,567,-264.30644439557824,0.6283918263364575,5.460759391549226,0.05498428480444004,0.7548820778736949,263504.6113306983,4.509128885050885,22.28665165970126,0.010050092605231466,3498.9422572791505,1.992991452991453,0.026495726495726495,0.10273504273504273,17.393747692437863,0.0026954177897574125,0.029949086552858835,0.018867924528301886,0.3884295053785777,high vol
GPRO,2019-09-25,572,-182.6281705421987,-1.0847722087849097,-3.860323260018217,0.1305994835721134,0.7329943156361006,263504.6113306983,4.632448777617633,21.944380799233596,0.010161475145610879,4047.0497351849235,1.7342307692307692,0.022435897435897436,0.08641025641025642,15.838399358199618,0.0026954177897574125,0.05956724397254055,0.013477088948787063,0.3210280848031206,high vol
GPRO,2019-09-26,566,-326.724178927417,0.0,-1.5505828931914605,0.0,0.14434702591223136,263504.6113306983,4.687212953499914,21.475891427024926,0.01006596880413158,3155.7102154844183,1.4926068376068375,0.024273504273504273,0.0732051282051282,15.745747106768775,0.0,0.0,0.0026954177897574125,0.05765599550283078,high vol
GPRO,2019-09-27,567,-149.86164091939045,1.7681251498479749,-2.161290235562572,0.25822214021364426,0.989579371532945,263504.6113306983,5.07356273808892,20.637318617894252,0.010469809278222032,2826.548189424665,4.611239316239316,0.2981623931623932,0.42115384615384616,46.865048526893496,0.01078167115902965,0.1857153649256797,0.0431266846361186,0.7918909701355804,high vol
GPRO,2019-09-30,547,-431.38679040391884,0.4317019811162354,-3.37049329217597,0.03539283328395995,0.9247441433813552,263504.6113306983,5.206440344683648,19.53440469334867,0.010169846157081672,4847.195415887485,4.692350427350427,0.12179487179487179,0.3543162393162393,33.30440695180393,0.0026954177897574125,0.026425664605464732,0.029649595687331536,0.5163799531825145,high vol
EURUSD,2019-09-03,359,-13.975559551488491,0.08691342388949379,0.42811058685381587,0.02288597569482338,0.15581353167220155,913012.7137020383,1.0966880329547606,0.2686754305126319,2.94651565633263e-05,1.5701083564062328,1.4553846153846153,1.2202136752136752,1.1773076923076924,1.424210841163577,0.14285714285714285,0.014017669893097459,0.5498652291105122,0.11028538826561314,high vol
EURUSD,2019-09-04,314,-9.971545366016278,-0.07973385313572048,0.09377818416514327,0.013853822972329753,0.05019006502538153,913012.7137020383,1.1026605967531218,0.2686610593246771,2.9624793263475188e-05,1.7073997956944988,1.3192307692307692,1.075,1.037008547008547,1.0046037866667006,0.14285714285714285,0.009900155816866391,0.6091644204851752,0.07834411765673134,low vol
EURUSD,2019-09-05,280,-10.758252041237768,0.20822338511158692,0.8151249881062054,0.019770259006290043,0.08467826105894148,913012.7137020383,1.104490663871131,0.2717325801934883,3.0013091332778494e-05,1.556235119731434,1.477991452991453,1.2002136752136752,1.156837606837607,1.0893193311924783,0.16442048517520216,0.016083787228933204,0.5444743935309974,0.09874589090588841,high vol
EURUSD,2019-09-06,316,-13.139519203023935,-0.029246160381364582,-0.24931524960299592,0.018059518233215492,0.06451181090089168,913012.7137020383,1.1039020588888766,0.27372853856729207,3.0215831934466905e-05,1.5281865705564097,1.3662820512820513,1.1126068376068377,1.0799572649572649,1.0976771138598422,0.14555256064690028,0.0144087880891458,0.5660377358490566,0.07801208588792244,high vol
EURUSD,2019-09-09,276,-6.530767580071436,0.07374054951064134,0.23889652005646114,0.013016608975816107,0.05154080269379344,913012.7137020383,1.105568317246199,0.26095922876020905,2.885076180893263e-05,1.6754186606205848,1.0764529914529914,0.8949572649572649,0.8655128205128205,0.9018939465915072,0.11590296495956873,0.009751694366476457,0.4743935309973046,0.05716854707066453,low vol
EURUSD,2019-09-10,321,-9.020948174999512,-0.006202926280144087,0.020595819065957616,0.013388939774462413,0.045590676010452934,913012.7137020383,1.1041585223202983,0.25577976198628577,2.8242460797792032e-05,1.6197502278119502,1.113931623931624,0.9211538461538461,0.8933333333333333,0.9281168119762655,0.14016172506738545,0.010252802479636103,0.4636118598382749,0.06078081988732322,low vol
EURUSD,2019-09-11,295,-10.150422615755568,-0.012928679851603899,0.08353889084595076,0.009269749845950479,0.04506769882962074,913012.7137020383,1.1002656456745274,0.24206622407726214,2.6633501907219962e-05,1.61324131179487,0.9646153846153847,0.7894017094017094,0.763034188034188,0.7794953483146487,0.09164420485175202,0.007474352219219475,0.49595687331536387,0.06480801518958804,low vol
EURUSD,2019-09-12,422,-3.242849829889205,0.06035738673199421,0.08314340155828698,0.018984412670829176,0.11190822006161402,913012.7137020383,1.105766454213981,0.2834995228941052,3.1347124066598774e-05,1.5311650802883856,2.1502564102564103,1.8513247863247864,1.797008547008547,2.438531620213319,0.1940700808625337,0.016225430212908714,0.633423180592992,0.15154438308797166,high vol
EURUSD,2019-09-13,289,-13.063624398704583,-0.04658479292475222,0.33184696501955135,0.010717040680225621,0.04748158297600883,913012.7137020383,1.107366543239472,0.28421838523324516,3.147344555517059e-05,1.6433782736397429,1.1997435897435897,0.9982051282051282,0.9685897435897436,1.1432432473549918,0.14016172506738545,0.01046703658123288,0.4716981132075472,0.062193622741253736,high vol
EURUSD,2019-09-16,295,-13.012423033464495,0.07017751895729342,0.1306331030258894,0.010590412960689341,0.04946026662937301,913012.7137020383,1.1005280053225075,0.279467502038165,3.0755633424898795e-05,1.6680626030135202,1.1994871794871795,1.013034188034188,0.9794871794871794,1.0095302762919143,0.1293800539083558,0.009671487213475717,0.5067385444743935,0.07053457520916831,low vol
EURUSD,2019-09-17,274,-6.748881746123721,0.05379929828979664,0.15718049915781748,0.012382386671453803,0.04386932984650188,913012.7137020383,1.1059368046509193,0.2748882904699028,3.0401232495751576e-05,1.6784734360911713,1.4092307692307693,1.1854273504273505,1.1484188034188034,1.0812021129504228,0.15363881401617252,0.011463405344026505,0.5256064690026954,0.07167896777128344,high vol
EURUSD,2019-09-18,375,-14.81595238217957,0.03536161964721442,0.14148434763380768,0.019234034403155683,0.08540726878951993,913012.7137020383,1.1052182482375328,0.2772963643113481,3.064419261337489e-05,1.602374392070678,1.7473504273504274,1.4931623931623932,1.449957264957265,1.6172527882695884,0.16711590296495957,0.015741712157055783,0.5956873315363881,0.11824072656731685,high vol
EURUSD,2019-09-19,303,9.659743393829725,-0.10391587421069615,-0.1985255780055764,0.016505733847731484,0.05558161167580575,913012.7137020383,1.105159845036006,0.25846148770607047,2.8564997299544074e-05,1.824716173238345,1.4146581196581196,1.1908547008547008,1.143888888888889,0.8526268534281889,0.14285714285714285,0.011340170755263472,0.5336927223719676,0.06877165098345668,low vol
EURUSD,2019-09-20,274,-0.16800777177931753,-0.030493967835595756,0.016343222234398328,0.017701797027236732,0.06569017215939105,913012.7137020383,1.1011978868048928,0.2679274472773769,2.950438865965738e-05,1.7291887278223483,1.6264529914529915,1.3625213675213674,1.3135470085470085,1.1302686472187484,0.16442048517520216,0.011381306214333649,0.6118598382749326,0.08886007656610549,high vol
EURUSD,2019-09-23,260,-9.109326451861577,0.024468244409473993,0.03143317088077843,0.010330965846554498,0.03965982358622648,913012.7137020383,1.0991317297448693,0.26556386529753334,2.918903959621078e-05,1.7223791463048075,1.281068376068376,1.0696153846153846,1.0325213675213676,0.9009427362881701,0.11320754716981132,0.008583839568340888,0.5013477088948787,0.06817078576240385,low vol
EURUSD,2019-09-24,299,-1.672953015592967,-0.07504476120039436,0.2477594716384013,0.01757438299550134,0.06935214278087737,913012.7137020383,1.1008193319050805,0.28634329887149135,3.152122396182793e-05,1.7128895659100223,1.8543162393162393,1.5258119658119658,1.4691452991452991,1.2059743851540023,0.23180592991913745,0.018118423630470507,0.6442048517520216,0.09585885663371967,high vol
EURUSD,2019-09-25,286,-8.194233960357575,0.021651839594686,0.42610172212947306,0.016347758931263372,0.06976063388484212,913012.7137020383,1.0952944861585323,0.26685550370439487,2.922797973386703e-05,1.7763974504151068,1.7107692307692308,1.4002991452991453,1.350982905982906,1.0461437074283777,0.15633423180592992,0.013532956130501953,0.6037735849056604,0.08880960884413636,low vol
EURUSD,2019-09-26,283,4.059566531761888,0.03518317367095809,0.2138064824010203,0.014318887814715332,0.07276762515065129,913012.7137020383,1.0935763646842125,0.2721051580995562,2.975521034589359e-05,1.7523608227561525,1.6044871794871796,1.3616239316239316,1.3095299145299146,1.210831065015333,0.16711590296495957,0.012936359783664007,0.5336927223719676,0.08169582512767501,high vol
EURUSD,2019-09-27,279,-12.70790572780952,-0.0399106977433065,0.18595471038625902,0.011674946910976003,0.051620707259110804,913012.7137020383,1.0941828410807686,0.27459957833115495,3.0046357557307994e-05,1.7689624185013322,1.5008547008547009,1.2627350427350428,1.217008547008547,1.0595485326415133,0.15363881401617252,0.010837791661095459,0.5741239892183289,0.07845045777924013,low vol
EURUSD,2019-09-30,262,-6.259964346211522,-0.06092068899222937,0.27998742267556914,0.013003198164685112,0.060056198013622185,913012.7137020383,1.0903484615017913,0.2738486436402986,2.985884718067631e-05,1.795751190591746,1.415,1.196880341880342,1.153974358974359,0.9433216147787465,0.1347708894878706,0.011372333264544053,0.5660377358490566,0.0850366700967563,low vol
