asset,family,horizon_ms,orders,effect_bps,ci_lo,ci_hi,p_two_sided
AAPL,MA,100,608,-0.020177286519834275,-0.06441954480880321,0.015639274937417087,0.4364
AAPL,MA,1000,608,-0.044813013969683776,-0.12827530276348467,0.04485826167495267,0.4124
AAPL,OBV,100,206,0.0356311183604078,0.006513733077183796,0.06962426083296915,0.0392
AAPL,OBV,1000,206,-0.004456860451464419,-0.09203692752142241,0.09130103252860454,0.9668
AAPL,IMB,100,84,-0.02727090313447519,-0.09135281380922076,0.03113457921027002,0.458
AAPL,IMB,1000,84,0.022107505653313812,-0.06867969569815702,0.1095057073815687,0.6488
GPRO,MA,100,598,0.0003288624321254655,-0.07970444126627212,0.0765388348051112,0.968
GPRO,MA,1000,598,-0.09924461849684937,-0.37623490306926227,0.11863740218823829,0.6468
GPRO,OBV,100,300,0.0,0.0,0.0,1.0
GPRO,OBV,1000,300,0.13838436256702696,0.0,0.2927498637584174,0.264
GPRO,IMB,100,1236,0.018304803464578624,-0.032065921698486266,0.07038592400757858,0.452
GPRO,IMB,1000,1236,-0.05833206681332616,-0.17103763344668574,0.04739133617198551,0.3868
EURUSD,MA,100,112,-0.004055261143322058,-0.01422477979847062,0.006071185122307693,0.4868
EURUSD,MA,1000,112,0.005669463889731424,-0.023104393790682114,0.03933530797510736,0.7616
EURUSD,OBV,100,316,0.007213917821466354,0.0006327431775012276,0.016338039887855565,0.0524
EURUSD,OBV,1000,316,0.03642446765319843,-0.0048533788842665725,0.09988819279386506,0.22
EURUSD,IMB,100,106,-0.00343571921120334,-0.006093841726768975,-0.0008868495534116751,0.0832
EURUSD,IMB,1000,106,-0.006887672082919575,-0.026662356529993183,0.011331590496948249,0.5092
