delay_ms,AAPL | MA,AAPL | OBV,AAPL | IMB,GPRO | MA,GPRO | OBV,GPRO | IMB,EURUSD | MA,EURUSD | OBV,EURUSD | IMB,Mean,Mean lo,Mean hi
0,0.0,0.0,0.0,0.0,0.0,0.0,0.0,0.0,0.0,0.0,0.0,0.0
10,-0.0552668416331743,0.009133742579870208,0.009076654475020152,0.0,0.0,-0.20576131687242594,-0.0018154738459555397,-0.0009078078927611255,0.0,-0.027282338132158506,-0.07204332983187055,0.0076535959468610635
20,-0.13317941354754215,-0.026863879526210832,0.018068046439916663,0.0,0.0,-0.20576131687242594,-0.0027146505822658873,-0.0009104362728820092,-0.0009051903615389101,-0.03914076008032767,-0.10644609066331971,0.01157901473421859
50,-0.16259233680670437,0.03673247625151832,0.008914452523890004,0.0,0.0,-0.20576131687242594,-0.003638619663751036,0.004576974219768548,-0.0009051903615389101,-0.03585261785658259,-0.1047895863456459,0.01626833238528763
100,-0.12273700993022718,0.07340554805944344,-0.022885867299009433,0.0004927322000440881,0.0,0.22620412589212435,-0.004542027251107306,0.022824174804224606,-0.003641772343301486,0.01879110045913234,-0.06941514589584981,0.10398317983881199
200,-0.019763763928800415,0.054588240606730176,-0.027384802388313756,-0.4154536199859038,0.0,-0.07104515975905201,-0.0036552661861687097,0.07765057965624944,-2.2503260330597463e-05,-0.04500958836062108,-0.2179676334052485,0.10286714235632494
300,-0.22949670573650316,-0.03346269976293048,-0.022959952053036026,-0.8305406011832801,0.0,-0.4900133085583178,-0.01002220937730744,0.10418629185973849,-0.005463956952941107,-0.16864146019606419,-0.4700064712810096,0.058425623640323956
400,-0.2455040504136381,0.01670834306271729,-0.009297368750627588,-0.6102784072368834,0.0,-0.2745021386002975,-0.004554023745794361,0.11609973478997326,-0.014552905980776798,-0.11398675743059189,-0.41464399057377244,0.11697502043999691
500,-0.1751762774599328,0.0534251678010389,-0.0003005712417101236,-0.42154968593227693,0.0,-0.683489852275514,0.0018012633845065629,0.1170050323164804,-0.01909085829684859,-0.12526397574491738,-0.47169945644134814,0.13723100619575007
600,-0.2067634670218199,0.025042369429478795,0.004219645442310238,-0.6366014729758618,0.19685039370078172,-0.900724558744173,0.0009270631141121699,0.10701086968625262,-0.01817618237208496,-0.158690593304556,-0.4606813265072167,0.0839125955049922
700,-0.24243235112983186,0.04006964043778738,0.018077305213738182,-0.4215497115995319,0.19685039370078172,-0.6847418373618979,0.0063365112140971735,0.1042535176252748,-0.018180463951023684,-0.11125744398340068,-0.4268845048506576,0.146487467088808
800,-0.3410498790375751,0.07256421041062078,0.027041584441541144,-0.4215497115995319,0.19685039370078172,-0.9045220571421169,0.013557679084921281,0.10880705246048072,-0.012731088749256214,-0.14011464627001494,-0.4550467470189166,0.12124262099958057
900,-0.34984436748115755,0.10031428360918437,-0.009339317769189726,-0.4215497115995319,0.19685039370078172,-0.4780985347733093,0.009926107035351184,0.1197096167087115,-0.01002271246154779,-0.09356158255896749,-0.4033864708286537,0.1608043212778854
1000,-0.272780618360998,-0.009057198467948502,0.018559313114121623,-0.6161022407824248,0.4200646794150593,-0.7236173872723128,0.006317695589384442,0.1151923697906505,-0.007302819407852046,-0.11874735626470227,-0.42157074001933037,0.13935358907422996
