asset,family,vol_regime,days,rule_days,ret0_bps,cost1000_bps,effect_per_order_1s_bps
AAPL,MA,high vol,10,2427,-27.442713592435734,-2.143082246818234,-0.11121067731574084
AAPL,MA,low vol,10,1880,-18.64659906008587,-0.33656376122664805,-0.017327403566208134
AAPL,OBV,high vol,10,1897,-9.735455283478714,-1.2664590047399007,-0.0800708087958664
AAPL,OBV,low vol,10,1811,-11.157816380243355,0.4370525700335752,0.027024806456971754
AAPL,IMB,high vol,10,126,-9.83745168843518,-0.1254580166930582,-0.002807591944684795
AAPL,IMB,low vol,10,135,-18.156565392313322,1.4320572557105133,0.03208691961953554
GPRO,MA,high vol,10,2807,-256.1099699106499,-3.1603949475297437,-0.1347080533561303
GPRO,MA,low vol,10,2690,-246.12197502154552,0.6538996887487101,0.032013948943115926
GPRO,OBV,high vol,10,2475,-157.26285936350195,0.06738907533584536,0.00397021599832134
GPRO,OBV,low vol,10,2463,-161.35186410852418,0.017233869980633088,0.0012152840384192774
GPRO,IMB,high vol,10,246,-517.7300557383047,-9.69549922027301,-0.174009042638392
GPRO,IMB,low vol,10,249,-406.0412564085884,-1.395414380295297,-0.029177787074033665
EURUSD,MA,high vol,10,1091,-5.147239250583065,0.05007329950214969,0.0026766220163865944
EURUSD,MA,low vol,10,792,-7.304769996477827,0.07545049925130505,0.003177545302837179
EURUSD,OBV,high vol,10,1938,-9.125507900902512,0.32680486708026896,0.01367557192301258
EURUSD,OBV,low vol,10,1968,-7.626621045720812,0.1530927976326079,0.006881051861631637
EURUSD,IMB,high vol,10,142,-5.8252659027228155,-0.13137316035868019,-0.003944951270779321
EURUSD,IMB,low vol,10,131,-6.400326497074267,-0.005703052756450506,-0.00015817236703752666
