asset,family,delay_ms,pnl,pnl_mid,round_trips,wins,days,best_day,worst_day,daily_std,total_return_pct,final_book,spread_paid,bps_per_trip,win_rate_pct
AAPL,MA,0,-60963.18929143048,-37877.68562976063,304,100,20,3103.933265434865,-15859.159028081085,4875.361655314724,-5.75445199630034,939036.8107085695,23085.50366166985,-1.89291184088827,32.89473684210527
AAPL,MA,100,-62272.66113778528,-39065.91008293463,304,99,20,3297.929094524501,-15859.159028081085,4987.235040518537,-5.877189006230568,937727.3388622147,23206.751054850654,-1.9332858573126868,32.56578947368421
AAPL,MA,1000,-63921.62568504836,-40593.62723701512,304,97,20,3782.918667248522,-16829.13817352913,5362.703155437096,-6.027232614661338,936078.3743149516,23327.998448033242,-1.9826423074543877,31.907894736842106
AAPL,OBV,0,-9602.793539939119,-1333.7213249904362,103,43,20,4364.906154517568,-5334.885299966024,3101.3357294462803,-0.8883293693558617,990397.2064600609,8269.072214948683,-0.8624556984037492,41.74757281553398
AAPL,OBV,100,-8826.810223580162,-1188.2244531720735,103,43,20,4364.906154517568,-5334.885299965886,3110.06535747211,-0.8149238212964183,991173.1897764199,7638.585770408088,-0.7911881760159402,41.74757281553398
AAPL,OBV,1000,-9699.791454482904,-1915.7088122592086,103,42,20,4364.90615451743,-5334.885299965886,3125.7132891711153,-0.8973865678238102,990300.2085455171,7784.082642223695,-0.871249094974573,40.77669902912621
AAPL,IMB,0,-7953.82899267673,-4971.143120423352,42,13,20,1163.9749745379538,-2036.9562054416604,824.797531656445,-0.7515988332246365,992046.1710073233,2982.685872253378,-1.7895210314872296,30.952380952380953
AAPL,IMB,100,-8196.323779038603,-5213.637906785363,42,13,20,1163.9749745379538,-2133.9541199864093,858.7516377307405,-0.7744847005236459,991803.6762209614,2982.6858722532397,-1.8440111917229667,30.952380952380953
AAPL,IMB,1000,-7759.833163586956,-4946.893641787441,42,14,20,969.9791454483178,-1988.457248169148,818.378541730377,-0.7330395201105149,992240.1668364131,2812.939521799515,-1.745332190739321,33.33333333333333
GPRO,MA,0,-682476.943346509,108036.89064558575,299,54,20,26350.46113306997,-142292.49011857802,39543.94789078142,-56.62370631617948,317523.056653491,790513.8339920947,-18.937694420126917,18.06020066889632
GPRO,MA,100,-682476.943346509,106719.36758893229,299,54,20,26350.46113306997,-142292.49011857802,39497.71332541414,-56.623213583979435,317523.056653491,789196.3109354413,-18.937529626748976,18.06020066889632
GPRO,MA,1000,-690382.0816864303,101449.2753623182,299,54,20,15810.276679841796,-142292.49011857802,38536.97154179232,-57.239808556961904,309617.91831356974,791831.3570487485,-19.143748681258163,18.06020066889632
GPRO,OBV,0,-310935.4413702235,84321.47562582225,150,25,20,18445.322793148956,-50065.876152832316,19418.209444076547,-26.51753829652808,689064.5586297766,395256.91699604574,-17.678358864352052,16.666666666666664
GPRO,OBV,100,-310935.4413702235,84321.47562582225,150,25,20,18445.322793148956,-50065.876152832316,19418.209444076547,-26.51753829652808,689064.5586297766,395256.91699604574,-17.678358864352052,16.666666666666664
GPRO,OBV,1000,-305665.34914360964,89591.56785243633,150,25,20,18445.322793148956,-50065.876152832316,19374.875686362317,-26.09747361711302,694334.6508563904,395256.91699604597,-17.398315744742014,16.666666666666664
GPRO,IMB,0,-1293807.6416337278,339920.94861660234,618,55,20,-39525.69169960484,-86956.52173913093,14215.24504342296,-109.09741581762906,-293807.6416337278,1633728.59025033,-17.653303530360688,8.89967637540453
GPRO,IMB,100,-1291172.595520421,342555.99472990906,618,55,20,-39525.691699604606,-86956.52173913093,14521.093635611467,-108.87121169173693,-291172.59552042093,1633728.59025033,-17.61670092099303,8.89967637540453
GPRO,IMB,1000,-1301712.7799736487,333333.33333333454,618,54,20,-39525.691699604606,-86956.52173913093,14883.990539594366,-109.82103320490137,-301712.7799736487,1635046.1133069834,-17.770393722475948,8.737864077669903
EURUSD,MA,0,-1899.0664445003144,-346.94483120823645,56,15,20,2118.1894957890227,-1214.3069092235569,755.2889342097579,-0.18958214095599266,998100.9335554997,1552.121613292078,-0.33853953742141546,26.785714285714285
EURUSD,MA,100,-1944.717080184702,-447.3762297138887,56,15,20,2163.840131474018,-1223.4370363606372,763.2105405286732,-0.19412416820709996,998055.2829198153,1497.3408504708132,-0.34665030036982136,26.785714285714285
EURUSD,MA,1000,-1835.1555545413612,-269.338750542852,56,15,20,2063.408732966744,-1205.1767820866794,743.1796861514623,-0.18326444536660821,998164.8444454586,1565.8168039985092,-0.32725793815465754,26.785714285714285
EURUSD,OBV,0,-14845.58672479367,-10563.55709753286,158,36,20,958.6633493869332,-3232.0650065053055,908.0308913697343,-1.477003804782202,985154.4132752063,4282.02962726081,-0.9348125346722799,22.78481012658228
EURUSD,OBV,100,-14617.333546367881,-10358.129236949973,158,36,20,958.6633493869332,-3076.8528451759557,883.1815022270091,-1.4541796299779775,985382.6664536321,4259.204309417908,-0.9203668544164415,22.78481012658228
EURUSD,OBV,1000,-13695.190705529067,-9353.815251877639,158,38,20,967.7934765240135,-2191.2305128848534,789.4316404059651,-1.3618114349915516,986304.8092944709,4341.375453651428,-0.8619059715136401,24.050632911392405
EURUSD,IMB,0,-2729.908013969341,-1515.6011047455816,53,13,20,136.951907055392,-620.8486453178042,191.5947530664405,-0.27142467348969906,997270.0919860307,1214.3069092237595,-0.5121220254522624,24.528301886792452
EURUSD,IMB,100,-2766.428522517459,-1542.9914861560112,53,12,20,136.951907055392,-629.9787724548844,193.61750633040657,-0.27506644583300055,997233.5714774826,1223.4370363614478,-0.5189932940245293,22.641509433962266
EURUSD,IMB,1000,-2802.949031064158,-1556.686676861226,53,13,20,136.951907055392,-547.8076282211626,190.00353492384414,-0.2787274928975511,997197.0509689358,1246.262354202932,-0.5259009299953795,24.528301886792452
