asset,family,subset,delay_ms,actual_pct,bias_pct,bias_lo_pct,bias_hi_pct,p_below,draws
AAPL,All,all,10,0.6765756267744979,0.19567518634449252,-1.6486809357217278,2.0522597090489643,0.788,5000
AAPL,All,all,20,1.0148530553781037,0.5228217334080304,-1.4564935913692991,2.583097156195587,0.7528,5000
AAPL,All,all,50,1.3059366951397986,0.580475200443852,-2.1013335068012995,3.78853018800576,0.7976,5000
AAPL,All,all,100,1.2260947784764815,0.7257798594192316,-2.7408935643207593,3.829322959999176,0.6664,5000
AAPL,All,all,200,1.3728153446984246,1.116496888419028,-2.6250093494524354,4.884157716579311,0.5884,5000
AAPL,All,all,500,3.0940693060594127,0.5727793398346929,-8.922655463981675,5.997049548772628,0.8254,5000
AAPL,All,all,1000,0.9217910074161807,-1.079756053943731,-13.718761722928855,5.411617334564152,0.6552,5000
AAPL,All,positive,10,-0.07107002692640318,-0.01497770610704269,-0.29907628216149923,0.2539406816052391,0.3586,5000
AAPL,All,positive,20,-0.21628561850381578,0.04304986475863387,-0.31976032305717983,0.38875857091574734,0.1218,5000
AAPL,All,positive,50,-0.4725776922193935,-0.046663660755663194,-0.5045059036088928,0.3972710105803649,0.064,5000
AAPL,All,positive,100,-0.46450511569735936,0.059291777866774746,-0.48725787713080376,0.6096410712918207,0.058,5000
AAPL,All,positive,200,-0.7259317684377621,0.09356689229427298,-0.6149838502334228,0.7956867967129042,0.034,5000
AAPL,All,positive,500,-0.6092044312849316,0.4908282760370202,-0.4765821845318773,1.4798393339620344,0.0304,5000
AAPL,All,positive,1000,-3.1260916514598156,0.13266580870029063,-1.4113810487490481,1.677196039054743,0.0002,5000
AAPL,All,negative,10,0.2001005721627529,0.1889636083564927,0.015691020943566808,0.3819951854528123,0.5524,5000
AAPL,All,negative,20,0.3149878953662656,0.3146411715142483,0.08030142990891843,0.5717414412287423,0.5218,5000
AAPL,All,negative,50,0.41874626823865413,0.42785296869814954,0.1406108421408805,0.7205554481483821,0.4852,5000
AAPL,All,negative,100,0.2302791299546091,0.5438461725774596,0.16869593116918882,0.9341852445650974,0.091,5000
AAPL,All,negative,200,0.23133130079360065,0.7300779513283633,0.22811054374149123,1.251373987676096,0.052,5000
AAPL,All,negative,500,-0.7485763104461759,0.6735513173395222,-0.09322225116306664,1.4503053178374032,0.001,5000
AAPL,All,negative,1000,-1.6726445555684588,0.5789418046453546,-0.5010172413536942,1.729822317373725,0.0002,5000
GPRO,All,all,10,-0.01780321349613312,-0.18717157690930047,-3.466409504873835,0.047097196337621515,0.2824,5000
GPRO,All,all,20,0.001257546775426195,-0.3145549090507953,-3.332460449761292,0.14046899232230337,0.5668,5000
GPRO,All,all,50,-0.0951255133434751,-0.26167996049082004,-3.5524876640094205,0.7354008813148064,0.143,5000
GPRO,All,all,100,-0.10118884128672509,-0.03177392232090989,-2.6699013886996874,0.7454244279522937,0.0976,5000
GPRO,All,all,200,-0.19410763383417234,-0.062196500983188345,-2.724663212486335,0.7235686681054273,0.0974,5000
GPRO,All,all,500,-0.1535394167066882,-0.35885107878638334,-3.990914883764359,0.612890752379641,0.439,5000
GPRO,All,all,1000,-0.4871974664611788,-0.40676216372818125,-4.255213095177307,0.44693439879298447,0.2286,5000
GPRO,All,positive,10,0.15860625716186658,-0.006744042910735592,-0.0728086467724104,0.031884611645164526,1.0,5000
GPRO,All,positive,20,0.15859347351664144,0.034628352117520515,-0.1256343909174072,0.3259735400035861,0.8418,5000
GPRO,All,positive,50,0.056431723736504895,0.21669135691812502,-0.19125086815991502,0.9510109487706556,0.4836,5000
GPRO,All,positive,100,0.008190278858890109,0.23426055500674564,-0.3226844867074076,1.2700409006249553,0.4212,5000
GPRO,All,positive,200,-0.014637654026242227,0.19536286469013384,-0.506607451907354,1.2993471650455741,0.3898,5000
GPRO,All,positive,500,-0.31332170019365696,-0.715365935900944,-5.809919190771206,2.3021974677823094,0.5386,5000
GPRO,All,positive,1000,-0.963115680636858,-0.9819491436003481,-5.547996932553527,2.5731656798469147,0.4654,5000
GPRO,All,negative,10,-0.017460554881892288,-0.0032712992711560604,-0.06556028075009436,0.03295954134778683,0.2132,5000
GPRO,All,negative,20,-0.007472060079072976,0.005131546911502865,-0.07742336401547624,0.08555836119388914,0.384,5000
GPRO,All,negative,50,-0.07343985828635152,0.03613639897788327,-0.07415469692354983,0.1772752164837657,0.051,5000
GPRO,All,negative,100,-0.08828433149703199,0.06145917410751032,-0.07396421672388592,0.21221865127852918,0.034,5000
GPRO,All,negative,200,-0.15955440587102934,0.03261095740195036,-0.13253205378833213,0.20666215711348745,0.0328,5000
GPRO,All,negative,500,-0.10970941208609242,-0.0006881793275658396,-0.2728768320963327,0.28872921902877446,0.2678,5000
GPRO,All,negative,1000,-0.3225980511319376,-0.04797010410593013,-0.38167554949174953,0.27929892358487807,0.087,5000
EURUSD,All,all,10,-0.5162447882999752,0.05071741043402719,-2.068705464258547,1.4287315942185417,0.0534,5000
EURUSD,All,all,20,0.2847603509724159,-0.17349440882396444,-3.8459213144900177,0.9075336818575157,0.817,5000
EURUSD,All,all,50,0.22088039614618368,-1.1322127148312506,-19.99157384711885,1.0703862016282493,0.7392,5000
EURUSD,All,all,100,-0.9025815470779406,-0.9168276967259832,-27.633231441209077,3.783839123985961,0.1464,5000
EURUSD,All,all,200,3.7353430389263496,2.6812185181332757,-4.361288743239487,13.338924576457764,0.7784,5000
EURUSD,All,all,500,3.526190752577199,2.1755184809005357,-12.683690990768143,13.872337243285816,0.6722,5000
EURUSD,All,all,1000,3.15071576849786,3.9307481181290234,-6.949063977013565,24.74981826367455,0.5966,5000
EURUSD,All,positive,10,0.06559829968650063,0.014698098228705344,-0.10923441172662354,0.1331814509289046,0.7682,5000
EURUSD,All,positive,20,0.20471997580958737,-0.018567261243365676,-0.17809240326106562,0.15557048558194894,0.9764,5000
EURUSD,All,positive,50,0.21045271955729894,-0.09135794148501498,-0.39250417615527294,0.17949561170662814,0.9658,5000
EURUSD,All,positive,100,0.060409127194669135,-0.4154677797401383,-0.9575111479992435,0.07383728623133744,0.9442,5000
EURUSD,All,positive,200,0.040655827989415014,-0.68046424836794,-1.7522508418448244,0.24794677045799118,0.8916,5000
EURUSD,All,positive,500,-0.657945779687745,-1.199064837229312,-2.995851796229996,0.3244332524147312,0.689,5000
EURUSD,All,positive,1000,-1.2317747524692817,-2.1154719612895216,-4.30863399516804,-0.31329323739070203,0.7622,5000
EURUSD,All,negative,10,-0.03058200022510494,0.0063038318548212305,-0.048366882761498246,0.06450884329967115,0.1392,5000
EURUSD,All,negative,20,-0.08062785572143494,-0.017097240391585323,-0.10337249828887583,0.06280560702763904,0.108,5000
EURUSD,All,negative,50,-0.14248963797659706,-0.023288858707930685,-0.16274965150536277,0.11815949936778522,0.0814,5000
EURUSD,All,negative,100,-0.08257139235676461,0.10594698591212601,-0.14575735667871034,0.37071030772499314,0.111,5000
EURUSD,All,negative,200,0.6477503922426557,0.7465468842021749,0.21797867673622645,1.3447889168669538,0.4064,5000
EURUSD,All,negative,500,1.2397038583620106,1.1024726354419903,0.25581157883224165,2.019164465432832,0.6154,5000
EURUSD,All,negative,1000,1.6627334617618679,1.18351243445262,0.08317969738332082,2.328951517237393,0.7596,5000
