asset,family,horizon_ms,orders,effect_bps,ci_lo,ci_hi,p_two_sided,rules,rule_days,trips_per_rule_day,ret0_bps,cost100_bps,cost1000_bps
AAPL,MA,100,83616,-0.0015419630766361153,-0.01211023320134933,0.007376104409001764,0.8728,288,4307,9.705363361968887,-23.60322083162363,-0.0304097676989947,-1.3545392347652547
AAPL,MA,1000,83616,-0.06988973107901218,-0.11307346976137095,-0.032111815360834864,0.0,288,4307,9.705363361968887,-23.60322083162363,-0.0304097676989947,-1.3545392347652547
AAPL,OBV,100,59390,-0.0009067272672588686,-0.012679958030427936,0.01029139655235338,0.95,288,3708,8.007011866235167,-10.43014135312293,-0.014142322957324586,-0.43445807110592966
AAPL,OBV,1000,59390,-0.027163158492477413,-0.07445283291416414,0.012309054780486136,0.2948,288,3708,8.007011866235167,-10.43014135312293,-0.014142322957324586,-0.43445807110592966
AAPL,IMB,100,11702,0.005515037601711063,-0.00030931022558434,0.01122864585840055,0.1172,25,261,22.406130268199234,-14.1404415352687,0.2470967780473511,0.6801533311018925
AAPL,IMB,1000,11702,0.0152449950498281,-0.00851929878436293,0.03725065866348972,0.2884,25,261,22.406130268199234,-14.1404415352687,0.2470967780473511,0.6801533311018925
GPRO,MA,100,121602,-0.006169557309952431,-0.025444187775831836,0.009698075529595163,0.6148,288,5497,11.05439330543933,-251.22226639024043,-0.13631234893663804,-1.2938399954487831
GPRO,MA,1000,121602,-0.058472381115153245,-0.10921291300770405,-0.006986176325673372,0.068,288,5497,11.05439330543933,-251.22226639024043,-0.13631234893663804,-1.2938399954487831
GPRO,OBV,100,78714,-0.007385794117019412,-0.030567244537240957,0.017059724829076816,0.5916,288,4938,7.9428918590522475,-159.30239332198508,-0.11837873128484319,0.04237241458455177
GPRO,OBV,1000,78714,0.00265046380247326,-0.045315978721491186,0.05638676423317192,0.9892,288,4938,7.9428918590522475,-159.30239332198508,-0.11837873128484319,0.04237241458455177
GPRO,IMB,100,25622,-0.017158072955731518,-0.04273935799639506,0.005447842569769606,0.2628,25,495,25.88080808080808,-461.5472051663868,-0.8861872095459536,-5.520305028041796
GPRO,IMB,1000,25622,-0.10679947161894701,-0.18004992135289669,-0.040348951782905144,0.0012,25,495,25.88080808080808,-461.5472051663868,-0.8861872095459536,-5.520305028041796
EURUSD,MA,100,39138,-0.0004978470318910881,-0.0019249877351283492,0.0009489358978799903,0.5748,288,1883,10.391396707381837,-6.05470836940869,-0.010208682154268197,0.06074708718209183
EURUSD,MA,1000,39138,0.0029162429926482283,-0.00260093826592185,0.008600175466266338,0.4068,288,1883,10.391396707381837,-6.05470836940869,-0.010208682154268197,0.06074708718209183
EURUSD,OBV,100,90128,0.0010386600419460877,-0.00016026717277265446,0.0022874165444814,0.164,288,3906,11.536098310291859,-8.370308379397754,0.023955339342237852,0.23928173531554878
EURUSD,OBV,1000,90128,0.010372244654576684,0.006138096960668693,0.01511604670667562,0.0,288,3906,11.536098310291859,-8.370308379397754,0.023955339342237852,0.23928173531554878
EURUSD,IMB,100,9438,-0.0011363193493948607,-0.0019501115272307194,-0.00029688780813176015,0.0248,25,273,17.28205128205128,-6.101210730048969,-0.03929233538657877,-0.07106992191218901
EURUSD,IMB,1000,9438,-0.0020543704067793917,-0.005829171395197607,0.0016376106053256868,0.3764,25,273,17.28205128205128,-6.101210730048969,-0.03929233538657877,-0.07106992191218901
