asset,family,horizon_ms,orders,effect_bps,ci_lo,ci_hi
AAPL,MA,10,83616,0.002108752612285444,-0.0008495539949936935,0.0049469528950123
AAPL,MA,20,83616,0.00448632195425673,-3.6047458791459985e-05,0.008941555153765676
AAPL,MA,50,83616,0.0040134805181802355,-0.003941784336631054,0.010948208515674586
AAPL,MA,100,83616,-0.0015419630766361153,-0.01211023320134933,0.007376104409001764
AAPL,MA,200,83616,-0.009521204479487871,-0.023649181143631688,0.003145168915209847
AAPL,MA,500,83616,-0.03873828544049461,-0.06925503971220939,-0.01071973928643404
AAPL,MA,1000,83616,-0.06988973107901218,-0.11307346976137095,-0.032111815360834864
AAPL,MA,2000,83616,-0.053215256108002804,-0.10896969847924566,0.0018212887045406607
AAPL,MA,5000,83616,-0.05599534487046982,-0.15069230935574124,0.02834945055679993
AAPL,MA,10000,83616,-0.08192889586426196,-0.2139800667624623,0.0353987146192259
AAPL,MA,30000,83616,0.009098173455444537,-0.09581782152116385,0.10291237100021264
AAPL,MA,60000,83616,0.049467157884329066,-0.05395604595133841,0.1504021090920743
AAPL,OBV,10,59390,-0.000475537428431617,-0.007893445637013401,0.005785282743414073
AAPL,OBV,20,59390,0.002928933876565961,-0.005991456122411399,0.010324545167098529
AAPL,OBV,50,59390,-0.0031036041723983532,-0.017091446019538797,0.008830615151774057
AAPL,OBV,100,59390,-0.0009067272672588686,-0.012679958030427936,0.01029139655235338
AAPL,OBV,200,59390,-0.004701949877307964,-0.0210124307987996,0.010014029844389306
AAPL,OBV,500,59390,-0.002744251299954123,-0.030387118661328493,0.025807352443741962
AAPL,OBV,1000,59390,-0.027163158492477413,-0.07445283291416414,0.012309054780486136
AAPL,OBV,2000,59390,-0.02554632660832102,-0.11110302634733452,0.048818160170168545
AAPL,OBV,5000,59390,-0.03806393181434542,-0.1432571528788158,0.04621710979136816
AAPL,OBV,10000,59390,-0.09247214202651483,-0.2503743704127367,0.033971690564784315
AAPL,OBV,30000,59390,-0.1150538857994896,-0.3109572992354395,0.04022624005968305
AAPL,OBV,60000,59390,-0.06653514775419259,-0.25901587924562064,0.09728066213959091
AAPL,IMB,10,11702,0.0034123666509512187,0.0011673857352088898,0.0058534338421447115
AAPL,IMB,20,11702,0.0050223031777199695,0.0013005614094674753,0.008899194374645222
AAPL,IMB,50,11702,0.0024801532750411224,-0.0012319272981240852,0.006333312489051904
AAPL,IMB,100,11702,0.005515037601711063,-0.00030931022558434,0.01122864585840055
AAPL,IMB,200,11702,0.011069067990073062,0.0018708288635828124,0.019499711160843983
AAPL,IMB,500,11702,0.012289704340993322,-1.4709699600007467e-05,0.024715966348277375
AAPL,IMB,1000,11702,0.0152449950498281,-0.00851929878436293,0.03725065866348972
AAPL,IMB,2000,11702,-0.0005046797412682001,-0.036175799422472635,0.03258703579135073
AAPL,IMB,5000,11702,-0.010319250754487785,-0.054931852839131816,0.03558478471575239
AAPL,IMB,10000,11702,-0.03258287484003676,-0.07760384617281177,0.013359835408231735
AAPL,IMB,30000,11702,0.045686651228913806,-0.03004697220091909,0.12544855532535842
AAPL,IMB,60000,11702,-0.011752607279461461,-0.10830282769998245,0.07953853310662097
GPRO,MA,10,121602,0.0021408839569595473,0.0,0.004874077630769981
GPRO,MA,20,121602,0.00436020145835513,-1.7603566542063968e-05,0.008748118459636741
GPRO,MA,50,121602,-0.004841436360518412,-0.020087743811879014,0.006077094906351701
GPRO,MA,100,121602,-0.006169557309952431,-0.025444187775831836,0.009698075529595163
GPRO,MA,200,121602,-0.014815023981009695,-0.036405335336511316,0.004365531953765991
GPRO,MA,500,121602,-0.009159254733574432,-0.046571468015269554,0.02225831388162302
GPRO,MA,1000,121602,-0.058472381115153245,-0.10921291300770405,-0.006986176325673372
GPRO,MA,2000,121602,-0.06866431848240692,-0.1315087445158823,-0.0037028183052637024
GPRO,MA,5000,121602,-0.030809551720830303,-0.2750159988687475,0.26351341465326683
GPRO,MA,10000,121602,0.011847232011530888,-0.300880776725558,0.37756580468344014
GPRO,MA,30000,121602,-0.21826459069985832,-0.6188083197961386,0.21309965272044662
GPRO,MA,60000,121602,-0.3139562679296747,-0.8337811504389048,0.19598910214909535
GPRO,OBV,10,78714,-0.0037354116246615795,-0.010966641744741299,0.0
GPRO,OBV,20,78714,-0.0065212649208432226,-0.023919503916230565,0.007777115975891313
GPRO,OBV,50,78714,-0.006922615329275761,-0.022858403784466973,0.007992662622743863
GPRO,OBV,100,78714,-0.007385794117019412,-0.030567244537240957,0.017059724829076816
GPRO,OBV,200,78714,-0.010658832480959321,-0.03451942696463269,0.014948277678526918
GPRO,OBV,500,78714,0.01541468068380813,-0.015105948142577538,0.04876648553194887
GPRO,OBV,1000,78714,0.00265046380247326,-0.045315978721491186,0.05638676423317192
GPRO,OBV,2000,78714,-0.050464189581484,-0.11106628784277277,0.011197499743729817
GPRO,OBV,5000,78714,-0.11212905453776707,-0.2091427793725935,-0.015015965345016329
GPRO,OBV,10000,78714,0.01308486071763774,-0.15201650592951488,0.17122094661447482
GPRO,OBV,30000,78714,-0.13936001373186332,-0.3972338451033917,0.10096217074945031
GPRO,OBV,60000,78714,-0.2786824777155493,-0.6212088363311892,0.04695548435592058
GPRO,IMB,10,25622,-0.004951158981987042,-0.018975556841491128,0.004683988960502689
GPRO,IMB,20,25622,-0.010194863250862432,-0.023323680356755704,0.0018249400416938363
GPRO,IMB,50,25622,-0.02132397729567936,-0.0438196762354916,-0.0006151594033486426
GPRO,IMB,100,25622,-0.017158072955731518,-0.04273935799639506,0.005447842569769606
GPRO,IMB,200,25622,-0.02412906921358202,-0.0517291212398114,0.0018464577703847646
GPRO,IMB,500,25622,-0.0959810034569551,-0.17177853487642353,-0.027394639222047212
GPRO,IMB,1000,25622,-0.10679947161894701,-0.18004992135289669,-0.040348951782905144
GPRO,IMB,2000,25622,-0.13792794042626227,-0.226725299302158,-0.04776025753615531
GPRO,IMB,5000,25622,-0.398357639099219,-0.5665907597043688,-0.24397551546064974
GPRO,IMB,10000,25622,-0.7177028729992138,-0.9376007924367932,-0.5049485877405879
GPRO,IMB,30000,25622,-1.3847350232854014,-1.779659657513841,-0.9864341650703046
GPRO,IMB,60000,25622,-1.8890100763801325,-2.3997039847359796,-1.4476526136976615
EURUSD,MA,10,39138,-0.00026968041051645265,-0.0005678791801375974,4.481226431105828e-06
EURUSD,MA,20,39138,-0.00036850340839236686,-0.0007518308263052875,9.655490180005267e-07
EURUSD,MA,50,39138,-0.0006308356636336429,-0.0013091217083111958,4.6612099491510144e-05
EURUSD,MA,100,39138,-0.0004978470318910881,-0.0019249877351283492,0.0009489358978799903
EURUSD,MA,200,39138,0.0009000991551321015,-0.0024619280366540088,0.004161434749226545
EURUSD,MA,500,39138,0.0005443072505684359,-0.00474956643810423,0.005965132705139597
EURUSD,MA,1000,39138,0.0029162429926482283,-0.00260093826592185,0.008600175466266338
EURUSD,MA,2000,39138,0.007977127808826343,-0.00028880519235836865,0.016404801261936136
EURUSD,MA,5000,39138,0.015872308594542427,0.003998399127688633,0.02700317738804445
EURUSD,MA,10000,39138,0.013463022340563157,-0.0054435918830592666,0.029604176587308066
EURUSD,MA,30000,39138,-0.025048654399935665,-0.06048161133786921,0.006548964722359397
EURUSD,MA,60000,39138,-0.034042062620017334,-0.07490706515133554,0.0009739239193417755
EURUSD,OBV,10,90128,-6.971033428773528e-05,-0.00023677529516277413,8.707213078285249e-05
EURUSD,OBV,20,90128,-4.959537075020217e-05,-0.0002993346160205909,0.00019694489892680363
EURUSD,OBV,50,90128,9.903395327694864e-05,-0.000579458007723734,0.0007414534477860026
EURUSD,OBV,100,90128,0.0010386600419460877,-0.00016026717277265446,0.0022874165444814
EURUSD,OBV,200,90128,0.005195017111292037,0.002674631567744754,0.008368621619282519
EURUSD,OBV,500,90128,0.0075092482078418735,0.0031867410820419534,0.01233844767371872
EURUSD,OBV,1000,90128,0.010372244654576684,0.006138096960668693,0.01511604670667562
EURUSD,OBV,2000,90128,0.016073577831711677,0.008153436532687245,0.025560813626574693
EURUSD,OBV,5000,90128,0.019242206879708516,0.007596648065550481,0.03290496442791895
EURUSD,OBV,10000,90128,0.018086427187546102,0.004126431761631217,0.03391468607440834
EURUSD,OBV,30000,90128,0.005035168663083693,-0.011081167392455559,0.021307370440187167
EURUSD,OBV,60000,90128,-0.010118859039089233,-0.03106568789254362,0.009917794972954516
EURUSD,IMB,10,9438,-6.766334247996937e-05,-0.00037733535725792633,0.00023646820611617026
EURUSD,IMB,20,9438,-0.0004526856922415074,-0.0007625935825083845,-0.00011776509424982054
EURUSD,IMB,50,9438,-0.000778384845571352,-0.001238219036746083,-0.00033686759135049285
EURUSD,IMB,100,9438,-0.0011363193493948607,-0.0019501115272307194,-0.00029688780813176015
EURUSD,IMB,200,9438,-0.001389048335284416,-0.0036206167251590132,0.0006280990289454614
EURUSD,IMB,500,9438,-0.0026665776226975297,-0.005612228861124878,0.00016589687373070032
EURUSD,IMB,1000,9438,-0.0020543704067793917,-0.005829171395197607,0.0016376106053256868
EURUSD,IMB,2000,9438,-0.005463941666525651,-0.010961856352430507,-5.82100561889428e-05
EURUSD,IMB,5000,9438,-0.007949583328094232,-0.017131452973365654,0.0008783325844948335
EURUSD,IMB,10000,9438,-0.004353737322733212,-0.013446948949935438,0.004705301072439422
EURUSD,IMB,30000,9438,0.011524900011177307,-0.006313031389196731,0.02858541024577966
EURUSD,IMB,60000,9438,0.029891669548694905,-2.144804690704762e-05,0.05931133327877147
