,AAPL,GPRO,EURUSD
Mid price,217.89831800127703,4.509514081309781,1.101113042014474
Quoted spread (bps),0.7334939334777091,22.518367934475265,0.27033389356482446
Quoted spread (price units),0.015978370604114563,0.010096782381056168,2.9766763504938562e-05
Depth at best (units),225.3724960854895,4944.781373179143,1673821.9661629673
BBO updates per second,40.06408974358975,1.7673311965811966,1.444378205128205
Quote price changes per second,8.796970085470084,0.039914529914529914,1.2062521367521368
Trades per second,3.4543888888888885,0.11482051282051282,
1-minute volatility (bps),5.31744659824654,16.970475567832388,1.1432367383399167
P(quote changes within 100 ms),0.2555256064690027,0.0022911051212938004,0.1495956873315364
P(quote changes within 1 s),0.6218328840970351,0.011320754716981133,0.5502695417789758
Mean |mid move| after 100 ms (bps),0.11165612624435081,0.04442108174712593,0.012178075130514424
Mean |mid move| after 1 s (bps),0.4804110460060045,0.2370425818684568,0.08389955360171093
