asset,family,delay_ms,return_0ms_pct,return_delayed_pct,cost_pct,cost_usd,cost_bps_per_trip,days_worse,days_better,wilcoxon_p
AAPL,MA,100,-5.75445199630034,-5.877189006230567,-0.1227370099302271,-1309.4718463548022,-0.04037401642441681,11,9,0.7285060882568359
AAPL,MA,1000,-5.75445199630034,-6.0272326146613375,-0.2727806183609979,-2958.436393617884,-0.08973046656611773,11,9,0.36827659606933594
AAPL,OBV,100,-0.8883293693558619,-0.8149238212964184,0.0734055480594435,775.9833163589574,0.07126752238780923,5,12,0.056884765625
AAPL,OBV,1000,-0.8883293693558619,-0.89738656782381,-0.009057198467947947,-96.99791454378487,-0.008793396570823248,9,11,0.8983173370361328
AAPL,IMB,100,-0.7515988332246364,-0.774484700523646,-0.022885867299009578,-242.49478636187263,-0.05449016023573709,3,3,0.6875
AAPL,IMB,1000,-0.7515988332246364,-0.733039520110515,0.01855931311412152,193.99582908977385,0.04418884074790838,5,9,0.5416259765625
GPRO,MA,100,-56.62370631617948,-56.623213583979435,0.0004927322000490564,7.275957614183426e-12,0.00016479337794282823,1,1,
GPRO,MA,1000,-56.62370631617948,-57.23980855696191,-0.6161022407824223,-7905.138339921248,-0.20605426113124492,4,3,0.8125
GPRO,OBV,100,-26.51753829652808,-26.51753829652808,0.0,0.0,0.0,0,0,
GPRO,OBV,1000,-26.51753829652808,-26.09747361711302,0.420064679415064,5270.092226613853,0.28004311961004263,0,2,
GPRO,IMB,100,-109.09741581762904,-108.8712116917369,0.2262041258921467,2635.0461133069257,0.03660260936766128,1,2,
GPRO,IMB,1000,-109.09741581762904,-109.8210332049014,-0.7236173872723197,-7905.138339920755,-0.1170901921152621,6,4,0.275390625
EURUSD,MA,100,-0.18958214095599266,-0.1941241682071,-0.004542027251107288,-45.65063568438735,-0.008110762948405872,9,5,0.3258056640625
EURUSD,MA,1000,-0.18958214095599266,-0.1832644453666083,0.006317695589384433,63.910889958953234,0.011281599266757914,10,7,0.8536376953125
EURUSD,OBV,100,-1.477003804782202,-1.4541796299779777,0.02282417480422462,228.2531784257889,0.014445680255838365,4,8,0.20361328125
EURUSD,OBV,1000,-1.477003804782202,-1.3618114349915518,0.11519236979065069,1150.3960192646036,0.07290656315863968,9,11,0.5705966949462891
EURUSD,IMB,100,-0.27142467348969906,-0.27506644583300055,-0.0036417723433015544,-36.52050854811807,-0.006871268572267084,3,0,
EURUSD,IMB,1000,-0.27142467348969906,-0.2787274928975511,-0.007302819407852153,-73.04101709481705,-0.01377890454311727,9,4,0.454833984375
