instrument,variable,n,mean,std,min,p25,median,p75,max
AAPL,dollar_vol,390,4418091.827076923,5824765.227587758,822954.18,2195495.69,3223697.8475,5082358.0825000005,97175268.515
AAPL,n_trades,390,171.99487179487178,123.69175542144279,50.0,101.0,135.5,193.75,1272.0
AAPL,n_orders,390,1780.8153846153846,1429.9948736202468,697.0,1130.5,1461.5,1968.0,23806.0
AAPL,open,390,290.2102948717949,2.0734460164817716,285.41,288.3525,291.335,291.695,292.6
AAPL,close,390,290.2137435897436,2.074625951579966,285.34,288.35625000000005,291.345,291.6975,292.61
AAPL,high,390,290.32698717948716,2.041313331048531,285.54,288.5425,291.435,291.78,292.69
AAPL,low,390,290.09944871794875,2.110992290019127,285.23,288.2375,291.26,291.62,292.55
AAPL,vwap,390,290.21677790264096,2.076010780070621,285.40580987999783,288.4042147680703,291.34319541271844,291.7044820667538,292.61581964220517
AAPL,spread,390,0.026356985533202072,0.005805078065228036,0.014646051309668987,0.02252338991650772,0.025711680374415083,0.028756165152081743,0.053828617969165195
AAPL,bid_depth,390,248.21700856973283,136.7157094784755,110.8980711648,186.66288978452502,216.4562934308,260.8502594767958,1532.405429891
AAPL,ask_depth,390,222.94672751523848,115.69941347174782,111.83780678906666,166.8779632685125,197.04428261821667,241.27461285751252,1647.81886647225
AAPL,bid_depth_2x,390,1298.3691446347505,527.656482181656,606.7903464137834,1006.1418619484333,1187.6218726682418,1437.4979191555333,5725.8591706064
AAPL,ask_depth_2x,390,1351.8465346956148,732.9367617702608,573.7323720943666,989.2213318560041,1183.112194561275,1476.13601892905,7554.046169078367
AAPL,price_impact_5s,390,5.588412364294786e-05,3.640246297943709e-05,-6.182383437944305e-05,3.0850160926188415e-05,5.3060874050694096e-05,7.48144732770466e-05,0.0002815927010242143
AAPL,no_trade_seconds,390,28.205128205128204,9.100918022508267,0.0,22.0,29.0,35.0,46.0
AAPL,max_trade_gap_s,390,6.582937503541024,2.7865557995029757,0.834306484,4.49387350275,6.2328758010000005,7.9130109292499995,19.356274806
GPRO,dollar_vol,390,9658.125384615385,26673.60210535682,0.0,0.0,432.75,7389.8725,332323.84500000003
GPRO,n_trades,390,7.223076923076923,13.900083437053523,0.0,0.0,2.0,7.75,143.0
GPRO,n_orders,390,68.3,135.8269909307264,2.0,17.0,32.0,87.75,2171.0
GPRO,open,285,4.335912280701755,0.06891162964816605,4.2,4.285,4.32,4.39,4.465
GPRO,close,285,4.3356315789473685,0.06925753927001435,4.21,4.285,4.32,4.39,4.47
GPRO,high,285,4.337719298245614,0.06847091352907309,4.21,4.29,4.32,4.39,4.47
GPRO,low,285,4.333614035087719,0.06972096154227253,4.2,4.285,4.315,4.39,4.465
GPRO,vwap,285,4.33555781712156,0.06900236824043118,4.209995672868888,4.285,4.319955357142858,4.39,4.469879192210603
GPRO,spread,390,0.010048737480428576,0.00038694379347302665,0.009999999999996949,0.00999999999999969,0.010000000000000508,0.010000009409788593,0.015272434066834005
GPRO,bid_depth,390,6272.417892179779,5318.47267940545,197.0931423248,3317.4923448621666,4789.334533727667,7268.132584396866,48308.6335186272
GPRO,ask_depth,390,7483.1662898385775,5357.613439107607,497.9513167787333,3680.0262967641165,5944.054813475734,9572.424562042572,27223.5898315712
GPRO,bid_depth_2x,390,14712.325725747043,7402.107203723221,1816.0230891776,9800.855096242234,13162.2186655808,17924.776227538332,59118.63351862827
GPRO,ask_depth_2x,390,14406.00753006733,7098.680925894481,1841.81569711,9079.495707225458,12926.1257157428,18661.97725244067,40015.7123892
GPRO,price_impact_5s,51,0.0013251951199802301,0.0010397735229855393,-0.0001554887529801978,0.0005703940068505534,0.001156069364161825,0.0020282761265474473,0.004229777233985911
GPRO,no_trade_seconds,390,58.197435897435895,2.4462328395176933,28.0,57.0,59.0,60.0,60.0
GPRO,max_trade_gap_s,390,46.17137573622051,12.92095725907616,4.77685875,34.905093812,49.0694423245,60.0,60.0
EURUSD,dollar_vol,390,105612520.87179486,144871107.96377847,0.0,35013345.0,64850555.0,113909175.0,1818582550.0
EURUSD,n_trades,390,37.26923076923077,36.63643131725349,0.0,16.0,27.0,42.0,340.0
EURUSD,open,389,1.3027061953727506,0.005591996528810252,1.29488,1.29739,1.30329,1.3081,1.31209
EURUSD,close,389,1.3027351156812337,0.005603638986977759,1.2949,1.2974,1.3034,1.30812,1.31209
EURUSD,high,389,1.3029421850899743,0.005630124479651855,1.29529,1.2975,1.30366,1.3084,1.31209
EURUSD,low,389,1.302529588688946,0.005571028411554355,1.2947,1.2972,1.30292,1.30792,1.3118
EURUSD,vwap,389,1.3027389383446477,0.005601981298963035,1.294930705882353,1.2973390825688074,1.3032683216783216,1.3081736363636363,1.3119559154929576
EURUSD,spread,390,0.0001133449229077925,1.673666924430025e-05,6.705685618729297e-05,0.00010163750000001442,0.00011235000000001639,0.0001240458333333373,0.00016425000000002383
EURUSD,bid_depth,390,2030379.171539349,1013649.3348666059,1006666.6666666666,1523750.0,1787145.242070117,2253021.7028380637,10538461.538461538
EURUSD,ask_depth,390,1976435.4733821293,815937.3393864505,1040000.0,1520416.6666666667,1824017.8074568727,2207445.5611390285,10001672.240802675
EURUSD,bid_depth_2x,390,22335068.366796263,7365043.613220349,9671666.66666257,18014166.666665982,21997500.0,26145416.666667007,94454849.49832612
EURUSD,ask_depth_2x,390,22201192.097822286,14266482.667210527,10551666.666672947,16947030.98827102,20301666.66666585,24092627.295488387,239608333.33332324
EURUSD,price_impact_5s,386,1.964080361980259e-05,1.6347267306907763e-05,-4.535632271631347e-05,9.779734841001475e-06,1.7795712317113336e-05,2.7472967672406357e-05,0.0001002113782636358
EURUSD,no_trade_seconds,390,42.194871794871794,10.834723497810621,1.0,38.0,45.0,50.0,60.0
EURUSD,max_trade_gap_s,390,14.27076923076923,8.351301296200782,1.5,8.6,11.95,17.8,60.0
USDJPY,dollar_vol,390,32674358.974358976,45064182.837158285,0.0,8000000.0,19000000.0,40000000.0,413000000.0
USDJPY,n_trades,390,15.48974358974359,16.853478581408112,0.0,5.0,11.0,20.0,155.0
USDJPY,open,377,77.94847480106101,0.22262252191155513,77.57,77.73,77.896,78.173,78.282
USDJPY,close,377,77.94706366047745,0.222996544149282,77.57,77.73,77.892,78.174,78.287
USDJPY,high,377,77.95709283819629,0.2202361145347892,77.599,77.749,77.907,78.18,78.288
USDJPY,low,377,77.93885411140583,0.22536055612209002,77.56,77.728,77.871,78.17,78.276
USDJPY,vwap,377,77.94794069762683,0.2227166132069539,77.58080487804878,77.734,77.88766666666666,78.17248148148148,78.28096428571429
USDJPY,spread,390,0.008007467465531454,0.0015798511629601917,0.004026666666667175,0.006883702003332397,0.007947499999999587,0.008890416666666063,0.014418333333328247
USDJPY,bid_depth,390,2095465.1314536678,1020666.2772802347,1000000.0,1454166.6666666665,1813333.3333333333,2401250.0,7501666.666666667
USDJPY,ask_depth,390,2214463.7501406204,1509059.6423864486,1000000.0,1454166.6666666665,1837500.0,2312892.3205342237,15281666.666666666
USDJPY,bid_depth_2x,390,20181163.6271007,6091178.505019619,9113333.333338795,15168750.000002116,19666666.666663937,24727083.333333746,44755000.000000276
USDJPY,ask_depth_2x,390,22227221.717465427,12729827.633008396,6066666.666668851,14590246.243736971,20313610.1836409,24752385.2253746,100224455.61139028
USDJPY,price_impact_5s,302,2.2482616392009536e-05,3.060572106755416e-05,-4.050061560377367e-05,8.407818209477e-06,1.912473868315563e-05,3.16513180506807e-05,0.00043044669250877745
USDJPY,no_trade_seconds,390,51.146153846153844,7.53102737638629,13.0,48.0,53.0,56.0,60.0
USDJPY,max_trade_gap_s,390,25.369743589743585,13.530848594500572,3.8,15.425,23.35,32.175000000000004,60.0
EURJPY,dollar_vol,390,8001799.310852853,11675868.468240071,0.0,1297162.9870282402,3892974.277705589,10370733.529186575,89012733.90602104
EURJPY,n_trades,390,3.953846153846154,4.946284531884303,0.0,1.0,2.0,5.0,37.0
EURJPY,open,307,101.53377198697066,0.18250889528942024,101.2,101.4,101.496,101.6755,101.94
EURJPY,close,307,101.53478501628666,0.183069344794569,101.203,101.3985,101.5,101.68,101.94
EURJPY,high,307,101.54235179153095,0.18282528541919446,101.203,101.4005,101.5,101.69,101.949
EURJPY,low,307,101.52666775244299,0.18345117523542542,101.2,101.39,101.493,101.672,101.94
EURJPY,vwap,307,101.53504661777215,0.1828642997466015,101.20014285714285,101.4005,101.5,101.67911538461539,101.94
EURJPY,spread,390,0.0189821496350576,0.003300546389456337,0.007551666666662598,0.017034583333333842,0.019171666666665393,0.020891666666667065,0.033196666666664126
EURJPY,bid_depth,390,1465323.682943327,552292.9542117591,1000000.0,1140833.3333333333,1306666.6666666667,1583333.3333333333,6790000.0
EURJPY,ask_depth,390,1965647.9261170411,3572692.2338505983,1000000.0,1164166.6666666665,1368333.3333333335,1707083.3333333333,48928333.333333336
EURJPY,bid_depth_2x,390,16958413.532756776,2847658.266516355,8189999.999998908,14857916.666671377,16881666.66666653,18686666.666666873,30741666.666669123
EURJPY,ask_depth_2x,390,18940750.959577102,8935693.32793029,10571666.666663663,14290833.333333196,16946666.666665845,20664999.999999385,90131666.66666667
EURJPY,price_impact_5s,103,4.6304611562258425e-05,4.34221481875393e-05,-3.605610722643896e-05,1.729522265144023e-05,4.166646682744516e-05,6.614480645346034e-05,0.0001939755793242202
EURJPY,no_trade_seconds,390,57.27948717948718,2.945318230560097,42.0,56.0,58.0,59.0,60.0
EURJPY,max_trade_gap_s,390,39.90282051282051,15.045774791214928,7.6,27.85,38.7,56.475,60.0
