t_s,mid_m,mid_a,pos_min,pos_max,polls
0,9.9898,10.0000,0,0,246
1,9.9854,10.0000,0,0,205
2,9.9900,10.0000,0,0,380
3,9.9800,10.0000,0,0,562
4,9.9800,10.0000,0,0,681
5,9.9895,10.0000,0,0,353
6,9.9852,10.0000,0,0,347
7,9.9830,10.0000,0,0,537
8,9.9850,10.0000,0,0,566
9,9.9965,10.0000,0,0,384
10,10.0000,10.0000,0,0,688
11,10.0000,10.0000,0,0,765
12,10.0000,10.0000,0,0,655
13,10.0000,10.0000,0,0,534
14,10.0000,10.0000,0,0,615
15,10.0106,10.0036,0,0,401
16,10.0150,10.0150,0,0,270
17,10.0204,10.0150,0,0,222
18,10.0250,10.0150,0,0,450
19,10.0250,10.0150,0,0,450
20,10.0250,10.0150,0,0,448
21,10.0221,10.0150,0,0,363
22,10.0200,10.0150,0,0,604
23,10.0200,10.0159,0,0,681
24,10.0200,10.0250,0,0,616
25,10.0200,10.0250,0,0,503
26,10.0200,10.0250,0,0,717
27,10.0200,10.0250,0,0,878
28,10.0195,10.0250,0,0,740
29,10.0150,10.0250,0,0,725
30,10.0150,10.0250,0,0,661
31,10.0150,10.0250,0,0,542
32,10.0150,10.0250,0,0,651
33,10.0150,10.0250,0,0,600
34,10.0150,10.0281,0,0,635
35,10.0150,10.0300,0,0,729
36,10.0150,10.0234,0,0,517
37,10.0150,10.0250,0,0,510
38,10.0200,10.0300,0,0,572
39,10.0200,10.0300,0,0,728
40,10.0200,10.0300,0,0,658
41,10.0221,10.0279,0,0,492
42,10.0250,10.0250,0,0,628
43,10.0250,10.0168,0,0,730
44,10.0250,10.0050,0,0,643
45,10.0222,10.0061,0,0,419
46,10.0283,10.0291,0,0,409
47,10.0300,10.0300,0,0,761
48,10.0301,10.0300,0,0,714
49,10.0400,10.0300,0,0,352
50,10.0400,10.0383,0,0,364
51,10.0400,10.0400,0,0,572
52,10.0400,10.0400,0,0,578
53,10.0400,10.0400,0,0,488
54,10.0400,10.0436,0,0,700
55,10.0424,10.0450,0,0,716
56,10.0450,10.0450,0,0,549
57,10.0468,10.0450,0,0,464
58,10.0500,10.0450,0,0,600
59,10.0525,10.0450,0,0,443
60,10.0550,10.0450,0,0,302
61,10.0550,10.0450,0,0,310
62,10.0550,10.0450,0,0,621
63,10.0550,10.0453,0,0,467
64,10.0550,10.0500,0,0,520
65,10.0574,10.0500,0,0,286
66,10.0600,10.0500,0,0,400
67,10.0600,10.0500,0,0,530
68,10.0600,10.0500,0,0,579
69,10.0650,10.0500,0,0,492
70,10.0650,10.0500,0,0,816
71,10.0650,10.0500,0,0,538
72,10.0650,10.0500,0,0,673
73,10.0650,10.0576,0,0,416
74,10.0650,10.0650,0,0,500
75,10.0650,10.0650,0,0,354
76,10.0650,10.0650,0,0,246
77,10.0650,10.0650,0,0,463
78,10.0650,10.0700,0,0,457
79,10.0690,10.0700,0,0,730
80,10.0700,10.0700,0,0,749
81,10.0750,10.0700,0,0,631
82,10.0780,10.0668,0,0,467
83,10.0850,10.0650,0,0,485
84,10.0850,10.0650,0,0,651
85,10.0818,10.0650,0,0,513
86,10.0800,10.0650,0,0,620
87,10.0800,10.0650,0,0,687
88,10.0821,10.0650,0,0,437
89,10.0837,10.0650,0,0,459
90,10.0860,10.0650,0,0,405
91,10.0857,10.0650,0,0,388
92,10.0886,10.0691,0,0,288
93,10.0850,10.0700,0,0,381
94,10.0858,10.0700,0,0,674
95,10.0900,10.0700,0,0,665
96,10.0900,10.0700,0,0,537
97,10.0886,10.0700,0,0,353
98,10.0900,10.0700,0,0,720
99,10.0911,10.0712,0,0,586
100,10.0936,10.0750,0,0,428
101,10.0905,10.0750,0,0,446
102,10.0950,10.0750,0,0,356
103,10.0950,10.0750,0,0,690
104,10.0950,10.0750,0,0,364
105,10.0892,10.0750,0,0,299
106,10.0850,10.0750,0,0,185
107,10.0866,10.0750,0,0,511
108,10.0973,10.0750,0,0,290
109,10.0904,10.0750,0,0,435
110,10.0900,10.0835,0,0,521
111,10.0965,10.0850,0,0,489
112,10.1076,10.0850,0,0,138
113,10.1058,10.0851,0,0,175
114,10.1066,10.0907,0,0,267
115,10.1115,10.0925,0,0,363
116,10.0850,10.0913,0,0,306
117,10.0960,10.0928,0,0,281
118,10.1163,10.0950,0,0,247
119,10.1159,10.0950,0,0,279
120,10.1090,10.0950,0,0,267
121,10.1052,10.0950,0,0,276
122,10.1050,10.0931,0,0,501
123,10.1050,10.0900,0,0,748
124,10.1171,10.0918,0,0,368
125,10.1196,10.0950,0,0,130
126,10.1223,10.0951,0,0,160
127,10.0950,10.0936,0,0,82
128,10.1008,10.0890,0,0,269
129,10.1025,10.0926,0,0,292
130,10.1066,10.0900,0,0,401
131,10.1376,10.0989,0,0,274
132,10.1400,10.1000,0,0,363
133,10.1411,10.1045,0,0,50
134,10.1007,10.1039,0,0,119
135,10.1203,10.1107,0,0,123
136,10.1222,10.1086,0,0,152
137,10.1259,10.1110,0,0,136
138,10.1250,10.1150,0,0,309
139,10.1250,10.1197,0,0,300
140,10.1295,10.1250,0,0,345
141,10.1293,10.1250,0,0,319
142,10.1300,10.1250,0,0,588
143,10.1300,10.1263,0,0,569
144,10.1250,10.1250,0,0,471
145,10.1272,10.1272,0,0,505
146,10.1322,10.1330,0,0,367
147,10.1308,10.1337,0,0,374
148,10.1270,10.1270,0,0,271
149,10.1250,10.1283,0,0,365
150,10.1250,10.1300,0,0,365
151,10.1250,10.1342,0,0,273
152,10.1267,10.1350,0,0,177
153,10.1300,10.1350,0,0,515
154,10.1300,10.1350,0,0,700
155,10.1300,10.1350,0,0,797
156,10.1363,10.1401,0,0,453
157,10.1732,10.1561,0,0,348
158,10.1709,10.1682,0,0,152
159,10.1641,10.1590,0,0,250
160,10.1325,10.1324,0,0,230
161,10.1338,10.1257,0,0,218
162,10.1582,10.1573,0,0,252
163,10.1759,10.1612,0,0,208
164,10.1838,10.1650,0,0,232
165,10.1731,10.1686,0,0,154
166,10.1410,10.1606,0,0,148
167,10.1390,10.1550,0,0,229
168,10.1581,10.1551,0,0,266
169,10.1710,10.1600,0,0,203
170,10.1985,10.1663,0,0,176
171,10.2100,10.1817,0,0,249
172,10.1969,10.1851,0,0,313
173,10.2031,10.1987,0,0,166
174,10.2254,10.2118,0,0,204
175,10.2250,10.2150,0,0,286
176,10.2290,10.2150,0,0,346
177,10.2300,10.2150,0,0,363
178,10.2400,10.2150,0,0,230
179,10.2414,10.2150,0,0,268
180,10.2471,10.2150,0,0,247
181,10.2359,10.2150,0,0,134
182,10.2390,10.2150,0,0,236
183,10.2450,10.2150,0,0,282
184,10.2461,10.2150,0,0,158
185,10.2361,10.2150,0,0,252
186,10.2462,10.2188,0,0,108
187,10.2362,10.2250,0,0,174
188,10.2188,10.2250,0,0,110
189,10.2259,10.2250,0,0,208
190,10.2350,10.2347,0,0,250
191,10.2352,10.2418,0,0,274
192,10.2376,10.2324,0,0,226
193,10.2392,10.2385,0,0,130
194,10.2314,10.2380,-3348,0,59
195,10.2336,10.2383,0,0,130
196,10.2461,10.2595,0,0,130
197,10.2523,10.2627,0,0,79
198,10.2458,10.2465,0,0,130
199,10.2489,10.2482,0,0,157
200,10.2744,10.2564,0,0,85
201,10.2623,10.2595,-570,0,119
202,10.2687,10.2600,0,0,157
203,10.2715,10.2600,0,0,171
204,10.2767,10.2648,0,0,243
205,10.2907,10.2793,0,0,114
206,10.2820,10.2850,0,0,296
207,10.2760,10.2864,0,0,320
208,10.2800,10.2900,0,0,202
209,10.2800,10.2900,0,0,274
210,10.2800,10.2848,0,0,275
211,10.2862,10.2850,0,0,255
212,10.2850,10.2826,0,0,237
213,10.2987,10.2980,0,0,134
214,10.2817,10.2800,0,0,156
215,10.2851,10.2813,0,0,186
216,10.2800,10.2932,0,0,358
217,10.2800,10.2905,0,0,317
218,10.2980,10.3094,0,246,25
219,10.3076,10.3100,0,0,143
220,10.3159,10.3100,0,0,238
221,10.3240,10.3149,0,0,178
222,10.3350,10.3228,0,0,402
223,10.3350,10.3250,0,0,500
224,10.3350,10.3250,0,0,800
225,10.3381,10.3300,0,0,403
226,10.3400,10.3319,0,0,308
227,10.3432,10.3350,0,0,352
228,10.3500,10.3350,0,0,487
229,10.3519,10.3386,0,0,223
230,10.3600,10.3450,0,0,256
231,10.3623,10.3537,0,0,253
232,10.3650,10.3550,0,0,276
233,10.3650,10.3550,0,0,408
234,10.3650,10.3550,0,0,622
235,10.3650,10.3550,0,0,762
236,10.3650,10.3550,0,0,808
237,10.3650,10.3563,0,0,551
238,10.3650,10.3600,0,0,771
239,10.3706,10.3600,0,0,589
240,10.3750,10.3600,0,0,799
241,10.3750,10.3600,0,0,493
242,10.3750,10.3600,0,0,388
243,10.3750,10.3600,0,0,738
244,10.3750,10.3673,0,0,514
245,10.3750,10.3876,0,0,226
246,10.3750,10.3875,0,0,348
247,10.3753,10.3723,0,0,188
248,10.3845,10.3804,0,0,232
249,10.3889,10.4049,0,0,185
250,10.3900,10.3943,0,0,284
251,10.3900,10.3931,0,0,303
252,10.3870,10.3957,0,0,348
253,10.3850,10.3934,0,0,198
254,10.3857,10.3984,0,0,287
255,10.3880,10.4021,0,0,300
256,10.3961,10.4027,0,0,188
257,10.3882,10.3852,0,2712,22
258,10.3962,10.4028,0,2712,90
259,10.3973,10.4150,0,0,315
260,10.4054,10.4150,0,0,424
261,10.4095,10.4150,0,0,207
262,10.4255,10.4405,0,0,154
263,10.4364,10.4426,0,0,226
264,10.4400,10.4439,0,0,163
265,10.4400,10.4499,0,0,148
266,10.4400,10.4422,0,0,23
267,10.4406,10.4400,-6520,0,58
268,10.4525,10.4400,-6520,0,26
269,10.4316,10.4328,0,0,56
270,10.4712,10.4390,0,0,122
271,10.4445,10.4286,0,0,186
272,10.4617,10.4317,0,0,142
273,10.4385,10.4534,0,0,111
274,10.4510,10.4529,0,0,182
275,10.4507,10.4634,-12489,0,117
276,10.4673,10.4390,-12489,-11189,35
277,10.4836,10.5307,-11189,-2489,7
278,10.5147,10.5239,-4253,1000,38
279,10.5423,10.5441,0,2500,73
280,10.5457,10.5325,0,0,197
281,10.5913,10.5804,0,0,117
282,10.5915,10.6023,0,0,194
283,10.5959,10.6105,0,0,148
284,10.5902,10.6074,0,0,221
285,10.6186,10.6111,0,0,187
286,10.6037,10.6019,0,0,173
287,10.6412,10.6282,0,0,113
288,10.6360,10.6427,0,0,179
289,10.6497,10.6460,0,0,154
290,10.6532,10.6544,0,0,129
291,10.6519,10.6660,0,0,95
292,10.6638,10.6573,0,0,202
293,10.6895,10.7000,0,0,110
294,10.6927,10.6851,0,0,172
295,10.6175,10.6588,0,0,137
296,10.6610,10.6939,0,0,78
297,10.6854,10.7350,0,0,39
298,10.7339,10.7384,0,0,55
299,10.7601,10.7719,0,0,140
300,10.7628,10.7665,0,0,277
301,10.7787,10.7642,0,0,290
302,10.7716,10.7742,0,0,410
303,10.7658,10.7648,0,0,497
304,10.7650,10.7697,0,0,548
305,10.7693,10.7623,0,0,271
306,10.7626,10.7783,0,0,207
307,10.7810,10.7764,0,0,283
308,10.7832,10.7794,0,0,254
309,10.7917,10.7850,0,0,151
310,10.7961,10.7930,0,0,330
311,10.7923,10.7971,0,0,273
312,10.8022,10.8200,0,0,286
313,10.8099,10.8200,0,0,330
314,10.8084,10.8132,0,0,362
315,10.8244,10.8158,0,0,298
316,10.8137,10.8199,0,0,442
317,10.8247,10.8201,0,0,306
318,10.8250,10.8177,0,0,323
319,10.8250,10.8187,0,0,306
320,10.8250,10.8165,0,0,303
321,10.8250,10.8150,0,0,190
322,10.8250,10.8150,0,0,637
323,10.8299,10.8199,0,0,563
324,10.8300,10.8200,0,0,540
325,10.8300,10.8230,0,0,563
326,10.8300,10.8250,0,0,425
327,10.8282,10.8250,0,0,372
328,10.8250,10.8250,0,0,308
329,10.8250,10.8250,0,0,229
330,10.8267,10.8250,0,0,214
331,10.8270,10.8461,0,0,273
332,10.8287,10.8479,0,0,367
333,10.8300,10.8500,0,0,344
334,10.8300,10.8500,0,0,555
335,10.8300,10.8500,0,0,670
336,10.8300,10.8500,0,0,661
337,10.8300,10.8500,0,0,609
338,10.8351,10.8500,0,0,558
339,10.8450,10.8368,0,0,369
340,10.8419,10.8312,0,0,222
341,10.8317,10.8301,0,0,116
342,10.8458,10.8502,0,0,151
343,10.8604,10.8521,0,0,174
344,10.8554,10.8536,0,0,130
345,10.8389,10.8307,0,0,64
346,10.8142,10.8215,0,0,162
347,10.8603,10.8495,0,0,175
348,10.8438,10.8282,0,0,117
349,10.8733,10.8551,0,0,186
350,10.8791,10.8629,0,0,171
351,10.8946,10.8824,0,0,224
352,10.8870,10.9182,0,0,192
353,10.9219,10.9006,0,0,169
354,10.8921,10.9081,0,0,147
355,10.9281,10.9158,0,0,137
356,10.9278,10.9338,0,0,206
357,10.9237,10.9215,0,0,154
358,10.9559,10.9674,0,0,133
359,11.0186,10.9800,0,0,248
360,11.0372,10.9836,0,0,120
361,10.9821,10.9310,0,0,97
362,10.9991,10.9094,0,15000,16
363,11.0133,10.9604,0,12500,62
364,10.9839,10.9667,0,0,74
365,11.0535,11.0507,0,24608,27
366,11.0478,11.0234,11546,24608,72
367,11.0686,11.0498,0,1546,81
368,11.0109,11.0476,0,0,96
369,11.0146,10.9537,0,0,133
370,11.0117,11.0041,0,0,226
371,11.0174,11.0161,0,0,258
372,11.0593,11.0450,0,0,273
373,11.0845,11.0565,0,0,271
374,11.0826,11.0594,0,0,234
375,11.0743,11.0740,0,0,293
376,11.0996,11.0960,0,0,297
377,11.0954,11.0992,0,0,107
378,11.0894,11.0954,0,0,170
379,11.0854,11.0886,0,0,211
380,11.1250,11.1225,0,0,99
381,11.1256,11.1350,0,0,164
382,11.1479,11.1350,0,0,135
383,11.1551,11.1350,0,0,150
384,11.1273,11.1253,0,0,74
385,11.1266,11.1272,0,0,185
386,11.1277,11.1354,0,0,213
387,11.1482,11.1546,0,0,67
388,11.1547,11.1415,0,0,170
389,11.1611,11.1679,0,0,159
390,11.1483,11.1737,0,0,112
391,11.1797,11.2084,0,0,58
392,11.2021,11.2137,0,0,53
393,11.2488,11.2460,0,0,67
394,11.2497,11.2612,0,0,113
395,11.2415,11.2730,0,0,88
396,11.2404,11.2537,0,0,119
397,11.2580,11.3102,0,0,90
398,11.1958,11.2264,0,0,80
399,11.1480,11.1966,0,0,121
400,11.1772,11.2093,0,0,127
401,11.2117,11.2260,0,0,133
402,11.2376,11.2216,0,0,174
403,11.2174,11.2469,0,0,136
404,11.1720,11.2014,0,0,140
405,11.1279,11.1782,0,0,150
406,11.1466,11.1596,0,0,122
407,11.1930,11.2297,0,0,113
408,11.2150,11.2327,0,0,121
409,11.1969,11.2304,0,0,71
410,11.1960,11.1892,0,0,193
411,11.2228,11.2012,0,0,120
412,11.3421,11.3721,-2573,0,50
413,11.3454,11.2995,-2573,0,57
414,11.3029,11.3306,0,0,133
415,11.2985,11.3212,0,0,140
416,11.3252,11.3201,0,0,222
417,11.3129,11.3416,0,0,103
418,11.3688,11.3287,0,0,151
419,11.3818,11.3801,0,0,164
420,11.3807,11.4644,0,0,172
421,11.4437,11.4870,0,0,157
422,11.4588,11.4950,0,0,301
423,11.4643,11.4937,0,0,189
424,11.5101,11.3316,0,0,212
425,11.4896,11.5032,0,0,50
426,11.4935,11.5077,0,0,113
427,11.5384,11.5708,0,0,228
428,11.5611,11.4303,0,0,250
429,11.5202,11.5083,0,0,136
430,11.4753,11.5149,0,0,85
431,11.6074,11.5457,0,2500,52
432,11.6092,11.4446,0,2500,66
433,11.5909,11.6122,0,0,99
434,11.3754,11.6029,0,0,151
435,11.5509,11.5859,0,0,188
436,11.6056,11.5856,0,0,190
437,11.6078,11.5802,0,0,109
438,11.5937,11.6181,0,0,163
439,11.5892,11.5882,0,0,70
440,11.5997,11.5942,0,0,96
441,11.6933,11.6578,0,0,29
442,11.7020,11.6741,0,0,86
443,11.6572,11.6638,0,0,90
444,11.6600,11.6898,0,0,82
445,11.6928,11.6729,0,0,189
446,11.6247,11.6209,0,0,120
447,11.7089,11.5275,0,0,14
448,11.6043,11.5859,-410,0,37
449,11.7110,11.4911,0,0,57
450,11.6792,11.6833,0,0,43
451,11.7467,11.6497,1878,12500,38
452,11.7646,11.7457,0,1878,68
453,11.7918,11.7849,0,0,51
454,11.7380,11.6648,0,0,79
455,11.4905,11.5665,0,0,85
456,11.5544,11.5540,0,0,159
457,11.6736,11.6373,0,0,116
458,11.7290,11.6894,0,0,145
459,11.7584,11.6825,0,0,145
460,11.7849,11.7735,0,0,310
461,11.6910,11.7585,0,0,120
462,11.6989,11.7153,0,0,194
463,11.7606,11.7009,0,0,109
464,11.8414,11.8386,0,0,161
465,11.8412,11.6633,0,0,120
466,11.8126,11.8294,0,0,122
467,11.7998,11.8478,0,0,115
468,11.8984,11.9019,0,0,157
469,11.8124,11.9001,0,0,40
470,11.7247,11.6390,0,0,132
471,11.6143,11.6150,0,0,123
472,11.5407,11.5337,0,0,153
473,11.5480,11.5302,0,0,91
474,11.5659,11.5779,0,0,119
475,11.5700,11.5850,0,0,439
476,11.5700,11.5850,0,0,534
477,11.5705,11.5882,0,0,323
478,11.8388,11.7006,0,0,118
479,11.9095,11.8386,0,0,253
480,11.9214,11.9453,0,0,291
481,11.9431,11.9313,0,0,258
482,11.9285,11.9387,0,0,427
483,11.9001,11.9146,0,0,361
484,11.9244,11.9146,0,0,460
485,11.9452,11.9296,0,0,357
486,11.9812,11.9794,0,0,209
487,11.9971,12.0039,0,0,404
488,12.0019,12.0227,0,0,439
489,12.0050,12.0250,0,0,464
490,12.0065,12.0280,0,0,546
491,12.0100,12.0300,0,0,639
492,12.0154,12.0331,0,0,574
493,12.0200,12.0350,0,0,610
494,12.0200,12.0350,0,0,457
495,12.0114,12.0321,0,0,388
496,12.0137,12.0322,0,0,361
497,12.0321,12.0580,0,0,240
498,12.0288,12.0750,0,0,267
499,12.0300,12.0750,0,0,318
500,12.0300,12.0750,0,0,337
501,12.0312,12.0750,0,0,250
502,12.0383,12.0750,0,0,200
503,12.0750,12.0750,0,0,270
504,12.0750,12.0883,0,0,498
505,12.0814,12.0936,0,0,295
506,12.1199,12.0937,0,0,204
507,12.1350,12.0987,0,0,513
508,12.1409,12.1550,0,0,483
509,12.1400,12.1478,0,0,421
510,12.1400,12.1300,0,0,345
511,12.1465,12.1445,0,0,171
512,12.1965,12.1805,0,0,220
513,12.2192,12.1821,0,0,26
514,12.2003,12.1700,-23620,0,36
515,12.1672,12.1522,-11620,0,116
516,12.2199,12.2199,0,0,96
517,12.1624,12.1515,0,0,77
518,12.2202,12.2460,0,0,151
519,12.2285,12.2188,0,0,96
520,12.1226,12.1769,0,0,123
521,12.2357,12.2328,0,0,122
522,12.1906,12.2322,0,0,108
523,12.2292,12.2648,0,0,119
524,12.2352,12.2821,0,0,133
525,12.2952,12.2698,0,0,87
526,12.3207,12.2865,0,0,170
527,12.3535,12.3109,0,0,185
528,12.3282,12.2861,0,0,191
529,12.3277,12.3468,0,0,169
530,12.3600,12.3500,0,0,248
531,12.3600,12.3500,0,0,306
532,12.3600,12.3500,0,0,510
533,12.3600,12.3500,0,0,341
534,12.3600,12.3500,0,0,420
535,12.3600,12.3515,0,0,521
536,12.3600,12.3550,0,0,496
537,12.3600,12.3585,0,0,384
538,12.3625,12.3650,0,0,371
539,12.3650,12.3664,0,0,270
540,12.3631,12.3700,0,0,191
541,12.3631,12.3715,0,0,257
542,12.3740,12.3643,0,0,295
543,12.3750,12.3750,0,0,293
544,12.3786,12.4150,0,0,292
545,12.3802,12.4190,0,0,242
546,12.3939,12.4250,0,0,311
547,12.4034,12.4339,0,0,76
548,12.4350,12.4450,0,0,281
549,12.4360,12.4505,0,0,229
550,12.4357,12.4561,0,0,169
551,12.4498,12.4581,0,0,108
552,12.4495,12.4600,0,0,144
553,12.4575,12.4600,0,0,241
554,12.4600,12.4600,0,0,430
555,12.4600,12.4600,0,0,399
556,12.4600,12.4600,0,0,452
557,12.4637,12.4601,0,0,343
558,12.4692,12.4950,0,0,340
559,12.4700,12.4950,0,0,392
560,12.4700,12.4950,0,0,529
561,12.4691,12.4968,0,0,99
562,12.4759,12.5003,0,0,323
563,12.5100,12.5050,0,0,490
564,12.5116,12.5085,0,0,425
565,12.5150,12.5200,0,0,350
566,12.5150,12.5200,0,0,446
567,12.5150,12.5200,0,0,407
568,12.5155,12.5200,0,0,528
569,12.5465,12.5236,0,0,375
570,12.5490,12.5260,0,0,381
571,12.5632,12.5316,0,0,230
572,12.5448,12.5450,0,0,177
573,12.5520,12.5665,0,0,72
574,12.5864,12.5828,0,0,215
575,12.5631,12.5711,0,0,285
576,12.5750,12.5622,0,0,302
577,12.5820,12.5751,0,0,205
578,12.6072,12.6340,0,0,345
579,12.6237,12.6490,0,0,485
580,12.6221,12.6470,0,0,375
581,12.6247,12.6430,0,0,316
582,12.6150,12.6436,0,0,393
583,12.6150,12.6360,0,0,506
584,12.6150,12.6350,0,0,579
585,12.6159,12.6351,0,0,553
586,12.6262,12.6125,0,0,102
587,12.6307,12.6090,0,0,247
588,12.6487,12.6440,0,0,450
589,12.6481,12.6568,0,0,456
590,12.6391,12.6512,0,0,297
591,12.6253,12.6348,0,0,329
592,12.6482,12.6577,0,0,292
593,12.6379,12.6477,0,0,292
594,12.6444,12.6360,0,0,257
595,12.6550,12.6434,0,0,103
596,12.6741,12.6795,0,0,243
597,12.6729,12.6821,0,0,387
598,12.6712,12.6877,0,0,324
599,12.6750,12.6900,0,0,423
600,12.6851,12.6900,0,0,341
601,12.6775,12.6896,0,0,181
602,12.6908,12.6828,0,0,175
603,12.7112,12.7033,0,0,284
604,12.7247,12.7184,0,0,285
605,12.7200,12.7154,0,0,274
606,12.7222,12.7206,0,0,440
607,12.7250,12.7163,0,0,469
608,12.7250,12.7134,0,0,183
609,12.7250,12.7159,0,0,205
610,12.7341,12.7232,0,0,52
611,12.7039,12.7805,0,0,167
612,12.7124,12.7814,0,0,245
613,12.7168,12.7844,0,0,203
614,12.7600,12.7708,0,0,475
615,12.7615,12.7811,0,0,363
616,12.7650,12.7909,0,0,539
617,12.7789,12.7871,0,0,149
618,12.7800,12.7741,-10000,0,531
619,12.7812,12.8488,-10000,-10000,12
620,12.8287,12.8430,-10000,-9173,28
621,12.8498,12.8383,-4190,0,99
622,12.8650,12.8336,0,0,350
623,12.8650,12.8378,0,0,301
624,12.8543,12.8492,0,0,319
625,12.8432,12.8415,0,0,250
626,12.8500,12.8393,0,0,264
627,12.8291,12.8354,0,0,294
628,12.8580,12.8515,0,0,298
629,12.8650,12.8616,0,0,217
630,12.8592,12.8736,0,0,239
631,12.8650,12.8737,0,0,266
632,12.8650,12.8750,0,0,519
633,12.8767,12.8750,0,0,382
634,12.8950,12.8845,0,0,313
635,12.8950,12.8867,0,0,318
636,12.8862,12.8929,0,0,326
637,12.8850,12.8900,0,0,360
638,12.8891,12.8900,0,0,558
639,12.8999,12.8997,0,0,251
640,12.9316,12.9250,0,0,354
641,12.9350,12.9250,0,0,231
642,12.9350,12.9250,0,0,350
643,12.9405,12.9250,0,0,342
644,12.9492,12.9250,0,0,359
645,12.9500,12.9250,0,0,321
646,12.9517,12.9250,0,0,317
647,12.9513,12.9326,0,0,157
648,12.9413,12.9461,0,0,148
649,12.9763,12.9661,0,0,206
650,12.9386,12.9456,0,0,170
651,12.9351,12.9351,0,0,284
652,12.9537,12.9606,0,0,169
653,12.9511,12.9630,0,0,187
654,12.9746,12.9837,0,0,280
655,13.0241,13.0128,0,0,277
656,13.0300,13.0150,0,0,558
657,13.0336,13.0150,0,0,287
658,13.0458,13.0150,0,0,151
659,13.0192,13.0204,0,0,72
660,13.0068,13.0164,0,0,81
661,13.0105,13.0170,0,0,137
662,13.0400,13.0300,0,0,339
663,13.0422,13.0305,0,0,225
664,13.0279,13.0438,0,0,273
665,13.0449,13.0488,0,0,280
666,13.0603,13.0672,0,0,269
667,13.0738,13.0750,0,0,428
668,13.0750,13.0750,0,0,708
669,13.0775,13.0751,0,0,253
670,13.0872,13.0929,0,0,141
671,13.0600,13.0750,0,0,398
672,13.0600,13.0750,0,0,709
673,13.0709,13.0750,0,0,406
674,13.0750,13.0750,0,0,388
675,13.0773,13.0696,0,0,143
676,13.0725,13.0600,0,0,108
677,13.0770,13.0627,0,0,187
678,13.0662,13.0596,0,0,221
679,13.0559,13.0550,0,0,241
680,13.0559,13.0550,0,0,181
681,13.0500,13.0461,0,0,152
682,13.0475,13.0306,0,0,177
683,13.0367,13.0265,0,0,420
684,13.0158,13.0176,0,0,341
685,13.0137,13.0010,0,0,389
686,13.0076,13.0100,0,0,348
687,13.0126,12.9986,0,0,318
688,12.9950,12.9636,0,0,306
689,12.9942,12.9594,0,0,39
690,12.9114,12.8804,0,0,112
691,12.9047,12.8728,0,0,175
692,12.8621,12.8731,0,0,248
693,12.8550,12.8665,0,0,314
694,12.8552,12.8550,0,0,288
695,12.8587,12.8527,0,0,202
696,12.8505,12.8531,0,0,166
697,12.8409,12.8485,0,0,182
698,12.8250,12.8150,0,0,233
699,12.8250,12.8150,0,0,378
700,12.8250,12.8150,0,0,531
701,12.8250,12.8150,0,0,474
702,12.8221,12.8114,0,0,249
703,12.8004,12.7974,0,0,127
704,12.7950,12.8047,0,0,305
705,12.7950,12.7950,0,0,255
706,12.7923,12.7950,0,0,358
707,12.7850,12.7950,0,0,501
708,12.7874,12.7896,0,0,218
709,12.7679,12.7794,0,0,233
710,12.7647,12.7700,0,0,124
711,12.7878,12.7816,0,0,271
712,12.7858,12.7879,0,0,356
713,12.7725,12.7757,0,0,330
714,12.7550,12.7549,0,0,258
715,12.7456,12.7423,0,0,126
716,12.7450,12.7415,0,0,242
717,12.7101,12.7250,0,0,83
718,12.7041,12.7250,0,0,340
719,12.6755,12.7180,0,0,244
720,12.6660,12.7150,0,0,129
721,12.6515,12.7075,0,0,10
722,12.6867,12.6726,0,0,74
723,12.6708,12.6684,0,0,155
724,12.6769,12.6537,0,0,117
725,12.6841,12.6684,0,0,48
726,12.6473,12.6370,0,0,143
727,12.6332,12.6239,0,0,147
728,12.6189,12.6070,0,0,251
729,12.6188,12.5938,0,0,213
730,12.6093,12.5880,0,0,231
731,12.6050,12.5949,0,250,98
732,12.5850,12.5900,-250,0,108
733,12.5765,12.5865,0,0,277
734,12.5823,12.5747,0,0,193
735,12.5777,12.5581,0,0,284
736,12.5711,12.5544,0,0,221
737,12.5647,12.5600,0,0,245
738,12.5453,12.5500,0,0,18
739,12.5507,12.5447,0,0,37
740,12.5148,12.5350,0,0,108
741,12.4965,12.5347,0,0,60
742,12.5243,12.4882,0,6890,14
743,12.5000,12.4843,0,0,60
744,12.4759,12.4750,0,0,85
745,12.4909,12.4750,0,0,53
746,12.4873,12.4715,0,0,152
747,12.4749,12.4694,0,0,84
748,12.5433,12.4100,0,0,6
749,12.4153,12.4227,0,0,15
750,12.4018,12.4099,0,0,140
751,12.3900,12.4050,0,0,186
752,12.3830,12.3974,0,0,186
753,12.3650,12.3602,0,0,62
754,12.3645,12.3600,0,0,318
755,12.3565,12.3565,0,0,379
756,12.3547,12.3550,0,0,300
757,12.3574,12.3592,0,0,176
758,12.3538,12.3567,0,0,196
759,12.3389,12.3509,0,0,174
760,12.3315,12.3450,0,0,233
761,12.3250,12.3450,0,0,240
762,12.3226,12.3349,0,0,280
763,12.3200,12.3285,0,0,325
764,12.3252,12.3388,0,0,326
765,12.3330,12.3350,0,0,69
766,12.3216,12.3317,0,0,231
767,12.3163,12.3275,0,0,360
768,12.3150,12.3250,0,0,488
769,12.3150,12.3250,0,0,625
770,12.3257,12.3239,0,0,306
771,12.3199,12.3062,0,0,329
772,12.3129,12.3050,0,0,194
773,12.3135,12.2992,0,0,210
774,12.3034,12.3026,0,0,158
775,12.2927,12.2876,0,0,235
776,12.3050,12.3016,0,0,241
777,12.3043,12.2885,0,0,234
778,12.2883,12.2952,0,0,172
779,12.2859,12.3022,0,0,308
780,12.2850,12.2971,0,0,139
781,12.2659,12.2849,0,0,218
782,12.2328,12.1604,0,0,37
783,12.1245,12.1399,0,400,38
784,12.1298,12.1137,0,0,102
785,12.1214,12.1053,0,0,356
786,12.0756,12.0963,0,0,236
787,12.0490,12.0834,0,0,167
788,12.0494,12.0594,0,0,276
789,11.9964,12.0284,0,0,94
790,11.9940,12.0150,0,0,156
791,11.9944,12.0150,0,0,220
792,11.9850,12.0150,0,0,220
793,11.9811,12.0196,0,0,62
794,11.9764,11.9973,0,0,99
795,12.0188,11.9413,-2296,0,16
796,11.9318,11.9074,0,0,53
797,11.9170,11.8975,0,0,75
798,11.8902,11.8779,0,0,242
799,11.8700,11.8696,0,0,264
800,11.8715,11.8569,0,0,183
801,11.8849,11.8658,0,0,150
802,11.8962,11.8811,0,0,194
803,11.9027,11.8937,0,0,277
804,11.8820,11.8904,0,0,273
805,11.8700,11.8806,0,0,288
806,11.7750,11.7740,-1750,0,5
807,11.7809,11.7616,-1750,-1750,28
808,11.7939,11.8006,-1750,0,93
809,11.7837,11.7845,0,0,142
810,11.7905,11.7834,0,0,239
811,11.7832,11.7758,0,0,217
812,11.7553,11.7253,0,0,377
813,11.7241,11.6852,0,0,235
814,11.5988,11.6113,0,0,49
815,11.5868,11.5749,0,0,59
816,11.5895,11.5666,0,0,135
817,11.5608,11.5528,0,0,239
818,11.5461,11.5350,0,0,292
819,11.5350,11.5276,0,0,410
820,11.5350,11.5250,0,0,469
821,11.5300,11.5215,0,0,482
822,11.5263,11.5200,0,0,342
823,11.5250,11.5200,0,0,581
824,11.5146,11.5200,0,0,406
825,11.5050,11.5178,0,0,318
826,11.5001,11.5014,0,0,106
827,11.4869,11.3487,0,0,70
828,11.3604,11.3664,0,9000,14
829,11.1824,11.1163,0,9000,19
830,11.0105,10.9890,0,0,58
831,10.8992,11.0856,0,0,55
832,10.9124,10.9416,0,0,55
833,10.9308,10.8986,0,0,70
834,10.8940,10.9081,0,0,147
835,10.8872,10.8989,0,0,193
836,10.8711,10.8790,0,0,248
837,10.8674,10.8750,0,0,250
838,10.8676,10.8553,0,0,58
839,10.8450,10.8305,0,0,172
840,10.8450,10.8305,0,0,375
841,10.8450,10.8350,0,0,515
842,10.8450,10.8350,0,0,483
843,10.8450,10.8300,0,0,584
844,10.8450,10.8300,0,0,602
845,10.8450,10.8300,0,0,490
846,10.8450,10.8300,0,0,392
847,10.8450,10.8300,0,0,769
848,10.8453,10.8292,0,0,591
849,10.8133,10.8037,0,0,27
850,10.7880,10.7899,0,0,95
851,10.7866,10.7928,0,0,278
852,10.7950,10.8034,0,0,145
853,10.7850,10.8000,0,0,247
854,10.7819,10.7984,0,0,240
855,10.7750,10.7816,0,0,215
856,10.7671,10.7750,0,0,274
857,10.7817,10.7756,0,0,320
858,10.7900,10.7908,0,0,289
859,10.7707,10.7797,0,0,286
860,10.7700,10.7770,0,0,320
861,10.7657,10.7650,0,0,356
862,10.7649,10.7739,0,0,313
863,10.7476,10.7589,0,0,141
864,10.7450,10.7500,0,0,497
865,10.7586,10.7500,0,0,337
866,10.7550,10.7500,0,0,385
867,10.7588,10.7500,0,0,456
868,10.7600,10.7537,0,0,466
869,10.7600,10.7588,0,0,245
870,10.7628,10.7567,0,0,158
871,10.7645,10.7506,0,0,150
872,10.7630,10.7577,0,0,168
873,10.7750,10.7637,0,0,150
874,10.7500,10.7450,0,0,192
875,10.7500,10.7506,0,0,331
876,10.7543,10.7451,0,0,316
877,10.7531,10.7461,0,0,367
878,10.7604,10.7496,0,0,263
879,10.7638,10.7427,0,0,221
880,10.7664,10.7425,0,0,270
881,10.7721,10.7450,0,0,336
882,10.7472,10.7416,0,0,176
883,10.7453,10.7378,0,0,350
884,10.7473,10.7394,0,0,285
885,10.7433,10.7392,0,0,235
886,10.7427,10.7323,0,0,222
887,10.7491,10.7473,0,0,330
888,10.7450,10.7421,0,0,291
889,10.7306,10.7400,0,0,326
890,10.7347,10.7400,0,0,213
891,10.7328,10.7283,0,0,184
892,10.7350,10.7161,0,0,294
893,10.7343,10.7214,0,0,311
894,10.7335,10.7292,0,0,266
895,10.7350,10.7160,0,0,276
896,10.7204,10.7172,0,0,400
897,10.6950,10.6903,0,0,322
898,10.6950,10.6900,0,0,413
899,10.6902,10.6906,0,0,395
900,10.6867,10.6859,0,0,176
901,10.6732,10.6564,0,0,99
902,10.6750,10.6650,0,0,172
903,10.6750,10.6640,0,0,244
904,10.6253,10.6234,-468,0,71
905,10.5887,10.5641,-936,0,23
906,10.5525,10.5250,0,0,120
907,10.4745,10.4762,0,0,104
908,10.4050,10.3920,0,0,167
909,10.4096,10.4009,0,0,369
910,10.4087,10.4012,0,0,472
911,10.4114,10.4030,0,0,614
912,10.4100,10.4100,0,0,586
913,10.4005,10.4070,0,0,481
914,10.3818,10.3786,0,0,406
915,10.3766,10.3751,0,0,550
916,10.3700,10.3700,0,0,467
917,10.3700,10.3700,0,0,608
918,10.3740,10.3700,0,0,426
919,10.3756,10.3677,0,0,356
920,10.3600,10.3550,0,0,273
921,10.3600,10.3550,0,0,363
922,10.3600,10.3550,0,0,401
923,10.3589,10.3550,0,0,481
924,10.3592,10.3550,0,0,444
925,10.3600,10.3550,0,0,498
926,10.3550,10.3550,0,0,576
927,10.3550,10.3550,0,0,634
928,10.3501,10.3512,0,0,505
929,10.3478,10.3500,0,0,459
930,10.3394,10.3454,0,0,289
931,10.3385,10.3450,0,0,503
932,10.3370,10.3450,0,0,491
933,10.3397,10.3450,0,0,382
934,10.3450,10.3450,0,0,239
935,10.3487,10.3450,0,0,332
936,10.3441,10.3424,0,0,336
937,10.3351,10.3399,0,0,440
938,10.3350,10.3400,0,0,322
939,10.3350,10.3395,0,0,568
940,10.3350,10.3350,0,0,600
941,10.3303,10.3194,0,0,384
942,10.3055,10.3152,0,0,222
943,10.3050,10.2952,0,0,273
944,10.3050,10.2900,0,0,244
945,10.3050,10.2852,0,0,273
946,10.3025,10.2807,0,0,182
947,10.2982,10.2800,0,0,156
948,10.2940,10.2783,0,0,129
949,10.2850,10.2700,0,0,243
950,10.2749,10.2710,0,0,178
951,10.2697,10.2684,0,0,239
952,10.2550,10.2666,0,0,300
953,10.2550,10.2649,0,0,413
954,10.2550,10.2600,0,0,214
955,10.2550,10.2600,0,0,400
956,10.2550,10.2483,0,0,350
957,10.2550,10.2450,0,0,415
958,10.2513,10.2450,0,0,189
959,10.2500,10.2450,0,0,426
960,10.2430,10.2357,0,0,370
961,10.2390,10.2350,0,0,320
962,10.2385,10.2350,0,0,201
963,10.2329,10.2350,0,0,325
964,10.2300,10.2350,0,0,350
965,10.2300,10.2272,0,0,424
966,10.2300,10.2250,0,0,340
967,10.2300,10.2250,0,0,388
968,10.2350,10.2250,0,0,480
969,10.2387,10.2250,0,0,354
970,10.2350,10.2250,0,0,406
971,10.2338,10.2250,0,0,344
972,10.2339,10.2250,0,0,498
973,10.2318,10.2208,0,0,331
974,10.2292,10.2200,0,0,269
975,10.2319,10.2215,0,0,271
976,10.2161,10.2184,0,0,423
977,10.2173,10.2188,0,0,400
978,10.2127,10.2150,0,0,313
979,10.2169,10.2150,0,0,243
980,10.2151,10.2188,0,0,288
981,10.2172,10.2167,0,0,282
982,10.2073,10.2123,0,0,159
983,10.2076,10.2101,0,0,248
984,10.2085,10.2110,0,0,213
985,10.2180,10.2130,0,0,350
986,10.2084,10.2117,0,0,180
987,10.2100,10.2153,0,0,192
988,10.2066,10.2151,0,0,269
989,10.2061,10.2150,0,0,224
990,10.2058,10.2138,0,0,226
991,10.2089,10.2116,0,0,394
992,10.2078,10.2127,0,0,365
993,10.2000,10.2139,0,0,392
994,10.1928,10.2092,0,0,139
995,10.1850,10.1950,0,0,379
996,10.1850,10.1950,0,0,668
997,10.1850,10.1950,0,0,703
998,10.1850,10.1950,0,0,449
999,10.1850,10.1950,0,0,471
1000,10.1850,10.1950,0,0,682
1001,10.1850,10.1950,0,0,478
1002,10.1850,10.1950,0,0,335
1003,10.1850,10.1950,0,0,465
1004,10.1796,10.1950,0,0,607
1005,10.1715,10.1950,0,0,352
1006,10.1716,10.1950,0,0,235
1007,10.1725,10.1950,0,0,416
1008,10.1700,10.1923,0,0,340
1009,10.1692,10.1587,0,0,302
1010,10.1559,10.1528,0,0,297
1011,10.1550,10.1450,0,0,423
1012,10.1550,10.1450,0,0,445
1013,10.1550,10.1450,0,0,354
1014,10.1550,10.1450,0,0,321
1015,10.1490,10.1450,0,0,377
1016,10.1345,10.1450,0,0,224
1017,10.1329,10.1450,0,0,173
1018,10.1409,10.1450,0,0,133
1019,10.1355,10.1450,0,0,145
1020,10.1375,10.1450,0,0,284
1021,10.1443,10.1450,0,0,291
1022,10.1382,10.1398,0,0,150
1023,10.1298,10.1405,0,0,150
1024,10.1170,10.1204,0,0,303
1025,10.1128,10.1272,0,0,203
1026,10.1050,10.1200,0,0,174
1027,10.1050,10.1200,0,0,304
1028,10.1050,10.1200,0,0,455
1029,10.1050,10.1200,0,0,465
1030,10.1050,10.1159,0,0,269
1031,10.1050,10.1150,0,0,294
1032,10.1050,10.1150,0,0,474
1033,10.0954,10.1056,0,0,201
1034,10.0950,10.1089,0,0,250
1035,10.0921,10.1090,0,0,392
1036,10.0900,10.1043,0,0,366
1037,10.0858,10.1000,0,0,402
1038,10.0850,10.1000,0,0,248
1039,10.0850,10.1000,0,0,366
1040,10.0850,10.0935,0,0,295
1041,10.0738,10.0912,0,0,191
1042,10.0796,10.0850,0,0,289
1043,10.0700,10.0841,0,0,259
1044,10.0700,10.0829,0,0,490
1045,10.0700,10.0823,0,0,410
1046,10.0700,10.0800,0,0,340
1047,10.0656,10.0800,0,0,410
1048,10.0650,10.0800,0,0,556
1049,10.0650,10.0800,0,0,554
1050,10.0650,10.0800,0,0,463
1051,10.0650,10.0800,0,0,573
1052,10.0650,10.0787,0,0,516
1053,10.0613,10.0785,0,0,504
1054,10.0600,10.0779,0,0,384
1055,10.0600,10.0787,0,0,538
1056,10.0600,10.0785,0,0,462
1057,10.0600,10.0773,0,0,450
1058,10.0600,10.0773,0,0,262
1059,10.0600,10.0714,0,0,382
1060,10.0600,10.0716,0,0,532
1061,10.0600,10.0726,0,0,428
1062,10.0600,10.0650,0,0,346
1063,10.0600,10.0610,0,0,472
1064,10.0600,10.0600,0,0,587
1065,10.0600,10.0600,0,0,538
1066,10.0600,10.0600,0,0,496
1067,10.0600,10.0600,0,0,517
1068,10.0600,10.0600,0,0,633
1069,10.0570,10.0600,0,0,502
1070,10.0550,10.0600,0,0,445
1071,10.0550,10.0600,0,0,540
1072,10.0550,10.0600,0,0,590
1073,10.0550,10.0600,0,0,564
1074,10.0510,10.0600,0,0,466
1075,10.0500,10.0600,0,0,591
1076,10.0500,10.0576,0,0,537
1077,10.0500,10.0563,0,0,504
1078,10.0500,10.0561,0,0,295
1079,10.0500,10.0558,0,0,399
1080,10.0490,10.0550,0,0,414
1081,10.0450,10.0550,0,0,488
1082,10.0450,10.0550,0,0,445
1083,10.0450,10.0550,0,0,544
1084,10.0450,10.0550,0,0,533
1085,10.0450,10.0550,0,0,595
1086,10.0450,10.0550,0,0,408
1087,10.0450,10.0550,0,0,613
1088,10.0450,10.0550,0,0,687
1089,10.0450,10.0550,0,0,627
1090,10.0450,10.0550,0,0,551
1091,10.0426,10.0550,0,0,587
1092,10.0400,10.0550,0,0,568
1093,10.0393,10.0500,0,0,164
1094,10.0400,10.0450,0,0,290
1095,10.0400,10.0422,0,0,478
1096,10.0400,10.0400,0,0,547
1097,10.0324,10.0400,0,0,196
1098,10.0333,10.0400,0,0,291
1099,10.0315,10.0400,0,0,344
1100,10.0300,10.0400,0,0,504
1101,10.0300,10.0388,0,0,607
1102,10.0300,10.0375,0,0,333
1103,10.0241,10.0350,0,0,430
1104,10.0150,10.0350,0,0,400
1105,10.0150,10.0350,0,0,460
1106,10.0150,10.0340,0,0,358
1107,10.0150,10.0346,0,0,464
1108,10.0150,10.0350,0,0,489
1109,10.0150,10.0375,0,0,360
1110,10.0150,10.0383,0,0,182
1111,10.0150,10.0235,0,0,288
1112,10.0144,10.0250,0,0,329
1113,10.0100,10.0250,0,0,263
1114,10.0100,10.0242,0,0,174
1115,10.0100,10.0227,0,0,393
1116,10.0070,10.0220,0,0,313
1117,10.0050,10.0225,0,0,359
1118,10.0050,10.0212,0,0,296
1119,10.0050,10.0200,0,0,452
1120,10.0050,10.0200,0,0,541
1121,10.0050,10.0200,0,0,516
1122,10.0050,10.0200,0,0,372
1123,9.9993,10.0109,0,0,311
1124,9.9950,10.0050,0,0,530
1125,9.9985,10.0084,0,0,392
1126,9.9989,10.0080,0,0,258
1127,9.9900,10.0050,0,0,271
1128,9.9911,10.0050,0,0,364
1129,9.9918,10.0050,0,0,372
1130,9.9873,10.0050,0,0,303
1131,9.9850,10.0019,0,0,431
1132,9.9840,9.9950,0,0,89
1133,9.9950,9.9950,0,0,219
1134,9.9950,9.9950,0,0,327
1135,9.9950,9.9950,0,0,654
1136,9.9950,9.9950,0,0,670
1137,9.9950,9.9950,0,0,630
1138,9.9950,9.9950,0,0,485
1139,9.9950,9.9950,0,0,615
1140,9.9909,9.9918,0,0,428
1141,9.9754,9.9855,0,0,450
1142,9.9784,9.9904,0,0,157
1143,9.9794,9.9879,0,0,145
1144,9.9750,9.9850,0,0,452
1145,9.9750,9.9850,0,0,558
1146,9.9750,9.9850,0,0,535
1147,9.9731,9.9850,0,0,548
1148,9.9707,9.9850,0,0,419
1149,9.9682,9.9850,0,0,359
1150,9.9679,9.9850,0,0,360
1151,9.9650,9.9766,0,0,449
1152,9.9575,9.9750,0,0,490
1153,9.9574,9.9750,0,0,450
1154,9.9581,9.9750,0,0,357
1155,9.9555,9.9750,0,0,483
1156,9.9550,9.9750,0,0,555
1157,9.9550,9.9750,0,0,655
1158,9.9550,9.9750,0,0,323
1159,9.9583,9.9750,0,0,389
1160,9.9536,9.9750,0,0,362
1161,9.9550,9.9750,0,0,521
1162,9.9550,9.9750,0,0,493
1163,9.9550,9.9750,0,0,617
1164,9.9550,9.9750,0,0,621
1165,9.9550,9.9750,0,0,684
1166,9.9582,9.9668,0,0,120
1167,9.9600,9.9663,0,0,580
1168,9.9599,9.9713,0,0,210
1169,9.9650,9.9682,0,0,376
1170,9.9650,9.9689,0,0,374
1171,9.9650,9.9565,0,0,510
1172,9.9554,9.9550,0,0,462
1173,9.9600,9.9550,0,0,611
1174,9.9475,9.9550,0,0,374
1175,9.9480,9.9550,0,0,404
1176,9.9463,9.9550,0,0,511
1177,9.9483,9.9624,0,0,523
1178,9.9550,9.9618,0,0,493
1179,9.9495,9.9608,0,0,472
1180,9.9550,9.9550,0,0,896
1181,9.9498,9.9527,0,0,468
1182,9.9350,9.9450,0,0,621
1183,9.9350,9.9450,0,0,665
1184,9.9350,9.9450,0,0,816
1185,9.9306,9.9450,0,0,359
1186,9.9300,9.9450,0,0,646
1187,9.9300,9.9450,0,0,936
1188,9.9300,9.9450,0,0,878
1189,9.9300,9.9450,0,0,882
1190,9.9300,9.9450,0,0,733
1191,9.9300,9.9450,0,0,739
1192,9.9300,9.9450,0,0,910
1193,9.9300,9.9450,0,0,976
1194,9.9300,9.9376,0,0,664
1195,9.9300,9.9350,0,0,781
1196,9.9300,9.9435,0,0,673
1197,9.9300,9.9364,0,0,626
1198,9.9300,9.9350,0,0,235
